"F_Id","F_ParentId","F_Type","F_FullName","F_EnCode","F_UrlAddress","F_IsButtonAuthorize","F_IsColumnAuthorize","F_IsDataAuthorize","F_PropertyJson","F_Description","F_SortCode","F_EnabledMark","F_CreatorTime","F_CreatorUserId","F_LastModifyTime","F_LastModifyUserId","F_DeleteMark","F_DeleteTime","F_DeleteUserId","F_LinkTarget","F_Category","F_Icon"
"007660A0-B6D8-458F-9828-0A64A220EF8A","41FC1581-2A8A-48DA-A207-E1266C4A893F","2","日程安排","extend.schedule","extend/schedule","1","1","1","{""iconBackgroundColor"":"""",""moduleId"":""""}",,"69","1","28/9/2017 15:50:47",,"21/1/2021 02:16:20","admin","0",,,"_self","Web","icon-ym icon-ym-scheduleExample"
"0307f1a3b09041a18f7b893cbdef802e","41FC1581-2A8A-48DA-A207-E1266C4A893F","2","条码示例","extend.barCode","extend/barCode","1","1","1","{""iconBackgroundColor"":"""",""moduleId"":""""}","一维码、二维码","73","1","24/12/2018 13:19:36","admin","21/1/2021 02:16:51","admin",,,,"_self","Web","icon-ym icon-ym-barCodeExample"
"07029F61-993A-4A46-BF56-20DE382F4F66","3899D622-578E-4149-B2B4-C8EBD9DA3FDB","2","角色管理","permission.role","permission/role","1","1","1","{""iconBackgroundColor"":"""",""moduleId"":""""}",,"50","1","28/9/2017 15:43:23",,"21/1/2021 02:06:56","admin","0",,,"_self","Web","icon-ym icon-ym-role"
"0be9192d6244490bb8dee3c7c2237265","8e31faee685446e28b1eb77cb871cae2","3","应收费用","2323232","model/2323232","1","1","1","{""isTree"":0,""iconBackgroundColor"":"""",""moduleId"":""4a4eb56f60784828b08f34ed6c30f9c5""}",,"0","1","19/1/2021 10:38:07","admin","22/1/2021 01:10:38","admin",,,,"_self","Web","icon-ym icon-ym-full-screen1"
"0bee331472de4f38b8a9dd60c670bbe7","89524f3808b843eab437ca68e7845151","6","乡村振兴普惠金融服务平台","daping2","DataV/daping2","0","0","0","{""isTree"":0,""iconBackgroundColor"":"""",""moduleId"":""5bf2f01582b7481a9daa8db940dd4caa""}",,"0","1","16/11/2020 03:07:21","admin","25/12/2020 02:24:53","03d159a3-0f88-424c-a24f-02f63855fe4f",,,,"_blank","Web","icon-ym icon-ym-bigScreenExample1"
"0BF2E270-E214-4D3B-9F7C-D5B000068202","E7443869-AFAD-4597-9B12-CD182369DF3C","2","系统日志","system.log","system/log","1","1","1","{""iconBackgroundColor"":"""",""moduleId"":""""}",,"22","1","28/9/2017 15:43:22",,"21/1/2021 01:29:42","admin","0",,,"_self","Web","icon-ym icon-ym-sysLog"
"118f8281f52f4719bacbcf1f86adc2e3","9193163d20604861b13193d24bcb7b0c","2","数据地图","systemData.map","systemData/map","1","1","1","{""iconBackgroundColor"":"""",""moduleId"":""""}",,"35","1","4/8/2020 17:49:10","00ca450b-141b-45d2-b6cb-94d818165543","21/1/2021 01:58:52","admin",,,,"_self","Web","icon-ym icon-ym-mapExample"
"11ea9e587d144e30a59c1630e2fedfdb","7d7b0683b1844fd1bf1697c9dfc3ebb3","2","表格批注","extend.tableDemo.postilTable","extend/tableDemo/postilTable","1","1","1","{""iconBackgroundColor"":"""",""moduleId"":""""}",,"110","1","29/11/2020 14:19:44","admin","21/1/2021 02:56:20","03d159a3-0f88-424c-a24f-02f63855fe4f",,,,"_self","Web","icon-ym icon-ym-tableExample1"
"12945eb913e6481ea6e4f2e31f4a5b53","6a36b5be00c74a5a8eadf9aca216ce8e","2","E-柱状图","extend.graphDemo.echartsBar","extend/graphDemo/echartsBar","1","1","1","{""iconBackgroundColor"":"""",""moduleId"":""""}",,"80","1","29/11/2020 14:19:44","admin","21/1/2021 02:19:50","admin",,,,"_self","Web","icon-ym icon-ym-echartsColumn"
"12f57de476a34980b80d2a8b21d1f11a","8e31faee685446e28b1eb77cb871cae2","3","大客户信息","kehuxinxi","model/kehuxinxi","1","1","1","{""isTree"":0,""iconBackgroundColor"":"""",""moduleId"":""944cf200a7f847fca7a158379fcc1395""}",,"0","1","19/1/2021 10:59:19","admin",,,,,,"_self","Web","icon-ym icon-ym-extend-meh"
"138aaa96871945999dff4c34a105724d","6a36b5be00c74a5a8eadf9aca216ce8e","2","E-K线图","extend.graphDemo.echartsCandlestick","extend/graphDemo/echartsCandlestick","1","1","1","{""iconBackgroundColor"":"""",""moduleId"":""""}",,"86","1","29/11/2020 14:19:44","admin","21/1/2021 02:20:37","admin",,,,"_self","Web","icon-ym icon-ym-echartsCandlestick"
"14af4eaec21445d0933bffd47f6627c8","6a36b5be00c74a5a8eadf9aca216ce8e","2","E-饼状图","extend.graphDemo.echartsPie","extend/graphDemo/echartsPie","1","1","1","{""iconBackgroundColor"":"""",""moduleId"":""""}",,"81","1","29/11/2020 14:19:44","admin","21/1/2021 02:19:58","admin",,,,"_self","Web","icon-ym icon-ym-echartsPie"
"15349f4c8b6e4ea697b522ffe0b7f360","41FC1581-2A8A-48DA-A207-E1266C4A893F","2","项目管理","extend.projectGantt","extend/projectGantt","1","1","1","{""iconBackgroundColor"":"""",""moduleId"":""""}","项目计划","77","1","16/11/2018 09:59:45","admin","21/1/2021 02:17:26","admin",,,,"_self","Web","icon-ym icon-ym-projectExample"
"1720be09dd2f4b789e400216ab476bad","ef0a18227f5c44bf810e793ca91ed796","5","交叉占比","jiaocha","DataReport/jiaocha","0","0","0","{""isTree"":0,""iconBackgroundColor"":"""",""moduleId"":""8a8a03e7c3234c93995ccd55e66cfdf0""}",,"0","1","6/11/2020 09:19:32","admin","20/11/2020 06:39:54","admin",,,,"_self","Web","icon-ym icon-ym-reportExample1"
"19057834dec24f3dba5d81d0c374abea","E7443869-AFAD-4597-9B12-CD182369DF3C","1","微信配置","weChat",,"0","0","0","{""iconBackgroundColor"":"""",""moduleId"":""""}",,"36","1","27/7/2018 14:15:24","admin","21/1/2021 01:59:38","admin",,,,"_self","Web","icon-ym icon-ym-weChat"
"1ac0131079194d2297717df63ac97f18","4f8ac210b0c04181a238af1e23a22c11","2","表单字段2","extend.formDemo.fieldForm2","extend/formDemo/fieldForm2","1","1","1","{""iconBackgroundColor"":"""",""moduleId"":""""}",,"116","1","29/11/2020 14:19:44","admin","21/1/2021 02:57:49","03d159a3-0f88-424c-a24f-02f63855fe4f",,,,"_self","Web","icon-ym icon-ym-formExample1"
"1d00bc414b7146a7915ef78909f6a957","6a36b5be00c74a5a8eadf9aca216ce8e","2","H-柱状图","extend.graphDemo.highchartsColumn","extend/graphDemo/highchartsColumn","1","1","1","{""iconBackgroundColor"":"""",""moduleId"":""""}",,"98","1","29/11/2020 14:19:44","admin","21/1/2021 02:22:10","admin",,,,"_self","Web","icon-ym icon-ym-highchartsColumn"
"1e27a0ad83e44c2a83a2a0954eb4f1cb","E7443869-AFAD-4597-9B12-CD182369DF3C","2","系统调度","system.task","system/task","1","1","1","{""iconBackgroundColor"":"""",""moduleId"":""""}","Quartz定时任务","20","1","12/12/2017 17:03:48","admin","21/1/2021 01:29:10","admin",,,,"_self","Web","icon-ym icon-ym-sysQuartz"
"1e969a7794784103ae6f058e13ce4723","6a36b5be00c74a5a8eadf9aca216ce8e","2","E-仪表图","extend.graphDemo.echartsGauge","extend/graphDemo/echartsGauge","1","1","1","{""iconBackgroundColor"":"""",""moduleId"":""""}",,"83","1","29/11/2020 14:19:44","admin","21/1/2021 02:20:14","admin",,,,"_self","Web","icon-ym icon-ym-echartsGauge"
"1eb1cfb6740a45a0850a0fb2ab11b51b","89524f3808b843eab437ca68e7845151","6","网络机房设备信息","121212","DataV/121212","0","0","0","{""isTree"":0,""iconBackgroundColor"":"""",""moduleId"":""a5bc61d662f8444a901d3a48c716f0b8""}",,"0","1","25/12/2020 02:27:06","03d159a3-0f88-424c-a24f-02f63855fe4f",,,,,,"_blank","Web","icon-ym icon-ym-mapExample"
"223DD382-E2C4-475C-B733-50EFF06D7A54","E7443869-AFAD-4597-9B12-CD182369DF3C","2","系统配置","system.sysConfig","system/sysConfig","1","1","1","{""iconBackgroundColor"":"""",""moduleId"":""""}",,"18","1","28/9/2017 15:43:20",,"21/1/2021 01:28:54","admin","0",,,"_self","Web","icon-ym icon-ym-sysConfig"
"232d7226f00446d882e1e1bd999f7b2d","7234458129814e0c9c42bc89652b1fa0","2","门户设计","onlineDev.visualPortal","onlineDev/visualPortal","1","1","1","{""iconBackgroundColor"":""#33B932"",""moduleId"":""""}",,"14","1",,,"21/1/2021 01:27:57","admin",,,,"_self","Web","icon-ym icon-ym-portalDesign"
"2c959b399cd44235a77b4285c6ff0511","4f8ac210b0c04181a238af1e23a22c11","2","表单验证","extend.formDemo.verifyForm","extend/formDemo/verifyForm","1","1","1","{""iconBackgroundColor"":"""",""moduleId"":""""}",,"113","1","29/11/2020 14:19:44","admin","21/1/2021 02:57:24","03d159a3-0f88-424c-a24f-02f63855fe4f",,,,"_self","Web","icon-ym icon-ym-formExample1"
"2d6ee4165cf64c00bc2f0f3d26088c97","7110175e27ce424ea1d3ee4da7a72009","3","领用申请","lingyongshenqing","/pages/apply/apply/features/index?id=5ce0f4d7692744438d740e479dce43d3","1","1","1","{""iconBackgroundColor"":"""",""moduleId"":""5ce0f4d7692744438d740e479dce43d3""}",,"0","1","30/11/2020 02:18:49","0a72e7d8-b519-435b-9c43-6796a31c72ec","15/1/2021 16:13:08","048657c1-ecb1-4e5d-aced-6126ceae779e",,,,"_self","App","ym-custom ym-custom-cloud-print-outline"
"3442d6a3a88d4116a69418cf8bb62e43","7110175e27ce424ea1d3ee4da7a72009","2","汇报日志","reportinglog","/pages/apply/apply/reportinglog/index","1","1","1","{""iconBackgroundColor"":"""",""moduleId"":""""}",,"0","1","29/11/2020 14:19:44","admin","22/1/2021 02:13:11","admin",,,,"_self","App","icon-ym icon-ym-huibao"
"373cc344eb984e5db06b3d3caa97dc82","6a36b5be00c74a5a8eadf9aca216ce8e","2","E-漏斗图","extend.graphDemo.echartsFunnel","extend/graphDemo/echartsFunnel","1","1","1","{""iconBackgroundColor"":"""",""moduleId"":""""}",,"89","1","29/11/2020 14:19:44","admin","21/1/2021 02:20:59","admin",,,,"_self","Web","icon-ym icon-ym-echartsFunnel"
"380C9373-8BB8-4A86-822C-5C09031800C9","3899D622-578E-4149-B2B4-C8EBD9DA3FDB","2","组织管理","permission.organize","permission/organize","1","1","1","{""iconBackgroundColor"":"""",""moduleId"":""""}",,"46","1","29/11/2020 14:19:44","admin","21/1/2021 02:06:19","admin",,,,"_self","Web","icon-ym icon-ym-organization"
"388fdf0920834e7c8cf68d1919e0e6b7","41FC1581-2A8A-48DA-A207-E1266C4A893F","2","地图示例","extend.map","extend/map","1","1","1","{""iconBackgroundColor"":"""",""moduleId"":""""}",,"75","1","15/11/2018 10:56:28","admin","21/1/2021 02:17:10","admin",,,,"_self","Web","icon-ym icon-ym-mapExample"
"3899D622-578E-4149-B2B4-C8EBD9DA3FDB","-1","1","系统权限","permission",,"0","0","0","{""iconBackgroundColor"":"""",""moduleId"":""""}",,"4","1","28/9/2017 15:43:19",,"20/1/2021 06:04:33","admin","0",,,"_self","Web","icon-ym icon-ym-permission"
"3b60eba42dd04baca902fb1e189c837d","ef0a18227f5c44bf810e793ca91ed796","5","员工薪水占比","yuangong","DataReport/yuangong","0","0","0","{""isTree"":0,""iconBackgroundColor"":"""",""moduleId"":""fd80cc6e70a24004bec6adc2f376d1c2""}",,"0","1","6/11/2020 09:09:27","admin","20/11/2020 06:39:29","admin",,,,"_self","Web","icon-ym icon-ym-reportExample1"
"3c0370e4f96f4e6282ed691744235d37","E7443869-AFAD-4597-9B12-CD182369DF3C","2","系统缓存","system.cache","system/cache","1","1","1","{""iconBackgroundColor"":"""",""moduleId"":""""}",,"21","1","1/8/2018 09:37:55","admin","21/1/2021 01:29:35","admin",,,,"_self","Web","icon-ym icon-ym-sysCache"
"3F1554C1-4F09-49E7-AC6A-06641BD246CD","9193163d20604861b13193d24bcb7b0c","2","数据字典","systemData.dictionary","systemData/dictionary","1","1","1","{""iconBackgroundColor"":"""",""moduleId"":""""}",,"32","1","28/9/2017 15:43:21",,"21/1/2021 01:58:20","admin","0",,,"_self","Web","icon-ym icon-ym-dataDictionary"
"3fc07aa08d96496d9b69c7030dfcb9e4","7d7b0683b1844fd1bf1697c9dfc3ebb3","2","树形表格","extend.tableDemo.treeTable","extend/tableDemo/treeTable","1","1","1","{""iconBackgroundColor"":"""",""moduleId"":""""}",,"109","1","29/11/2020 14:19:44","admin","21/1/2021 02:56:12","03d159a3-0f88-424c-a24f-02f63855fe4f",,,,"_self","Web","icon-ym icon-ym-tableExample1"
"41FC1581-2A8A-48DA-A207-E1266C4A893F","-1","1","扩展应用","extend",,"0","0","0","{""iconBackgroundColor"":"""",""moduleId"":""""}",,"6","1","28/9/2017 15:43:19",,"20/1/2021 06:04:48","admin","0",,,"_self","Web","icon-ym icon-ym-extend"
"450e82f2add943bb9f3e02ce1a35342d","ef0a18227f5c44bf810e793ca91ed796","5","向下分组统计","xiangxia","DataReport/xiangxia","0","0","0","{""isTree"":0,""iconBackgroundColor"":"""",""moduleId"":""6a526ca166d74d1abc3f3631eb22f016""}",,"0","1","6/11/2020 09:17:16","admin","20/11/2020 06:39:44","admin",,,,"_self","Web","icon-ym icon-ym-reportExample1"
"4aee7255d083470294970b4643444be0","41FC1581-2A8A-48DA-A207-E1266C4A893F","2","文件预览","extend.documentPreview","extend/documentPreview","1","1","1","{""iconBackgroundColor"":"""",""moduleId"":""""}","文档预览（PPT、Excel、Word）","72","1","12/7/2018 15:00:46","admin","21/1/2021 02:16:44","admin",,,,"_self","Web","icon-ym icon-ym-documentPreviewExample"
"4c365b56b24c4328b65474f13269b739","4f8ac210b0c04181a238af1e23a22c11","2","表单字段1","extend.formDemo.fieldForm1","extend/formDemo/fieldForm1","1","1","1","{""iconBackgroundColor"":"""",""moduleId"":""""}",,"115","1","29/11/2020 14:19:44","admin","21/1/2021 02:57:40","03d159a3-0f88-424c-a24f-02f63855fe4f",,,,"_self","Web","icon-ym icon-ym-formExample1"
"4ce0c46cff8941ee8612b27fce228cd3","6a36b5be00c74a5a8eadf9aca216ce8e","2","H-线性图","extend.graphDemo.highchartsLine","extend/graphDemo/highchartsLine","1","1","1","{""iconBackgroundColor"":"""",""moduleId"":""""}",,"92","1","29/11/2020 14:19:44","admin","21/1/2021 02:21:22","admin",,,,"_self","Web","icon-ym icon-ym-highchartsLine"
"4d2cb987fd9047d19e010cce01039fea","5a45f2ff9d0845b2b80bc11f7f7861cf","2","我发起的","workFlow.flowLaunch","workFlow/flowLaunch","1","1","1","{""iconBackgroundColor"":"""",""moduleId"":""""}",,"54","1","16/1/2018 14:50:29","admin","21/1/2021 02:12:09","admin",,,,"_self","Web","icon-ym icon-ym-flowLaunch"
"4DDA6A84-A432-421C-9CE9-DB7A56033B02","3899D622-578E-4149-B2B4-C8EBD9DA3FDB","2","用户管理","permission.user","permission/user","1","1","1","{""iconBackgroundColor"":"""",""moduleId"":""""}",,"49","1","28/9/2017 15:43:24",,"21/1/2021 02:06:48","admin","0",,,"_self","Web","icon-ym icon-ym-user"
"4ebe5d2b23f94571912cee9795f3685f","6a36b5be00c74a5a8eadf9aca216ce8e","2","E-线形图","extend.graphDemo.echartsLineArea","extend/graphDemo/echartsLineArea","1","1","1","{""iconBackgroundColor"":"""",""moduleId"":""""}",,"84","1","29/11/2020 14:19:44","admin","21/1/2021 02:20:22","admin",,,,"_self","Web","icon-ym icon-ym-echartsLineArea"
"4f462a5619fb4a42aa1b248c8edb2602","6a36b5be00c74a5a8eadf9aca216ce8e","2","H-饼状图","extend.graphDemo.highchartsPie","extend/graphDemo/highchartsPie","1","1","1","{""iconBackgroundColor"":"""",""moduleId"":""""}",,"99","1","29/11/2020 14:19:44","admin","21/1/2021 02:22:17","admin",,,,"_self","Web","icon-ym icon-ym-highcharts-Pie"
"4f8ac210b0c04181a238af1e23a22c11","41FC1581-2A8A-48DA-A207-E1266C4A893F","1","表单示例","extend.formDemo",,"1","1","0","{""iconBackgroundColor"":"""",""moduleId"":""""}",,"64","1","29/11/2020 14:19:44","admin","21/1/2021 02:15:32","admin",,,,"_self","Web","icon-ym icon-ym-formExample"
"4fc39a35638d45868211f0289d9a559d","4f8ac210b0c04181a238af1e23a22c11","2","表单字段5","extend.formDemo.fieldForm5","extend/formDemo/fieldForm5","1","1","1","{""iconBackgroundColor"":"""",""moduleId"":""""}",,"119","1","29/11/2020 14:19:44","admin","21/1/2021 02:58:13","03d159a3-0f88-424c-a24f-02f63855fe4f",,,,"_self","Web","icon-ym icon-ym-formExample1"
"529cd6e285de49fea7ee291d98b0ab9f","19057834dec24f3dba5d81d0c374abea","2","企业号消息","weChat.qyMessage","weChat/qyMessage","1","1","1","{""iconBackgroundColor"":"""",""moduleId"":""""}",,"45","1","27/7/2018 17:10:40","admin","21/1/2021 02:01:03","admin",,,,"_self","Web","icon-ym icon-ym-qyMessage"
"54acf8ec3bc64603913c31c14b4bdaca","6a36b5be00c74a5a8eadf9aca216ce8e","2","H-面积图","extend.graphDemo.highchartsArea","extend/graphDemo/highchartsArea","1","1","1","{""iconBackgroundColor"":"""",""moduleId"":""""}",,"93","1","29/11/2020 14:19:44","admin","21/1/2021 02:21:31","admin",,,,"_self","Web","icon-ym icon-ym-highchartsArea"
"55c06bb3b2124b0c83d17c5ef82450f5","5a45f2ff9d0845b2b80bc11f7f7861cf","2","流程委托","workFlow.entrust","workFlow/entrust","1","1","1","{""iconBackgroundColor"":"""",""moduleId"":""""}",,"58","1","14/5/2018 16:25:29","admin","21/1/2021 02:13:09","admin",,,,"_self","Web","icon-ym icon-ym-flowEntrust"
"564f7317aadb4a608bb45393f5498876","3899D622-578E-4149-B2B4-C8EBD9DA3FDB","2","部门管理","permission.department","permission/department","1","1","1","{""iconBackgroundColor"":"""",""moduleId"":""""}",,"47","1","29/11/2020 14:19:44","admin","21/1/2021 02:06:28","admin",,,,"_self","Web","icon-ym icon-ym-department"
"5a45f2ff9d0845b2b80bc11f7f7861cf","-1","1","工作流程","workFlow",,"0","0","0","{""iconBackgroundColor"":"""",""moduleId"":""""}",,"5","1","16/1/2018 14:49:21","admin","19/8/2020 09:49:32","03812269-e6db-4c36-96aa-4cc81e3d11f3",,,,"_self","Web","icon-ym icon-ym-workFlow"
"5e13fdc479bb4b4f802f2ed4317bb82d","4f8ac210b0c04181a238af1e23a22c11","2","表单字段4","extend.formDemo.fieldForm4","extend/formDemo/fieldForm4","1","1","1","{""iconBackgroundColor"":"""",""moduleId"":""""}",,"118","1","29/11/2020 14:19:44","admin","21/1/2021 02:58:05","03d159a3-0f88-424c-a24f-02f63855fe4f",,,,"_self","Web","icon-ym icon-ym-formExample1"
"5f1a1319c3724f1eb1954e84d7753c8c","7110175e27ce424ea1d3ee4da7a72009","2","项目分包合同","test_subpackage","/pages/apply/apply/test_subpackage/index","0","0","0","{""isTree"":0,""iconBackgroundColor"":"""",""moduleId"":""""}",,"0","1","30/11/2020 07:44:05","0a72e7d8-b519-435b-9c43-6796a31c72ec",,,,,,"_self","App","icon-ym icon-ym-header-IM1"
"5f8a4c3ff8794090b56f878be2946dd9","7110175e27ce424ea1d3ee4da7a72009","2","采购入库申请","test_warehousing","/pages/apply/apply/test_warehousing/index","1","1","1","{""isTree"":0,""iconBackgroundColor"":"""",""moduleId"":""""}",,"0","1","30/11/2020 09:26:43","admin","30/11/2020 09:27:46","admin",,,,"_self","App","icon-ym icon-ym-file-photo"
"60800fb0c7c448bd8fda0e2f37296152","7110175e27ce424ea1d3ee4da7a72009","2","职员示例","staffmanagelist","/pages/apply/apply/staffmanagelist/index","1","1","1","{""iconBackgroundColor"":"""",""moduleId"":""""}",,"0","1","29/11/2020 14:19:44","admin","9/12/2020 08:42:13","3074194b-1d4d-432a-b2a8-1e07fa88d644",,,,"_self","App","icon-ym icon-ym-gangwei2"
"608a3b5bef3841c4935e8ec59beef600","7d7b0683b1844fd1bf1697c9dfc3ebb3","2","表格锁定","extend.tableDemo.lockTable","extend/tableDemo/lockTable","1","1","1","{""iconBackgroundColor"":"""",""moduleId"":""""}",,"102","1","29/11/2020 14:19:44","admin","21/1/2021 02:22:50","admin",,,,"_self","Web","icon-ym icon-ym-tableExample1"
"65c4b5c29dec4ad6960ee6cfede4844c","7110175e27ce424ea1d3ee4da7a72009","3","车辆管理","test_vehicleinfo","/pages/apply/apply/features/index?id=330d8efb3b7f4358a823061dbb111af8","1","1","1","{""iconBackgroundColor"":"""",""moduleId"":""330d8efb3b7f4358a823061dbb111af8""}",,"0","1","30/11/2020 02:53:14","0a72e7d8-b519-435b-9c43-6796a31c72ec","20/1/2021 05:57:20","admin",,,,"_self","App","icon-ym icon-ym-extend-motorcycle"
"65e29afc2c3d448aa9d4fc89b7ff7079","6a36b5be00c74a5a8eadf9aca216ce8e","2","H-词云图","extend.graphDemo.highchartsWordcloud","extend/graphDemo/highchartsWordcloud","1","1","1","{""iconBackgroundColor"":"""",""moduleId"":""""}",,"91","1","29/11/2020 14:19:44","admin","21/1/2021 02:21:15","admin",,,,"_self","Web","icon-ym icon-ym-highchartsWordcloud"
"68960e1d00a04843b375afcceed9ad7e","41FC1581-2A8A-48DA-A207-E1266C4A893F","2","电子签章","extend.signet","extend/signet","1","1","1","{""iconBackgroundColor"":"""",""moduleId"":""""}",,"68","1","28/11/2017 11:24:15","admin","21/1/2021 02:16:13","admin",,,,"_self","Web","icon-ym icon-ym-signetExample"
"698d6192107142c4888901b7a427a8ba","19057834dec24f3dba5d81d0c374abea","2","公众号菜单","weChat.mpMenu","weChat/mpMenu","1","1","1","{""iconBackgroundColor"":"""",""moduleId"":""""}","说明s","38","1","10/8/2018 09:35:07","admin","21/1/2021 01:59:58","admin",,,,"_self","Web","icon-ym icon-ym-mpMenu"
"69ED1FAC-A672-4AEC-822B-FF2615D5CADF","E7443869-AFAD-4597-9B12-CD182369DF3C","2","系统图标","system.icons","system/icons","1","1","1","{""iconBackgroundColor"":"""",""moduleId"":""""}",,"24","1","28/9/2017 15:43:22",,"21/1/2021 01:55:25","admin","0",,,"_self","Web","icon-ym icon-ym-sysIcon"
"6a36b5be00c74a5a8eadf9aca216ce8e","41FC1581-2A8A-48DA-A207-E1266C4A893F","1","图表示例","extend.graphDemo",,"1","1","0","{""iconBackgroundColor"":"""",""moduleId"":""""}",,"62","1","29/11/2020 14:19:44","admin","21/1/2021 02:15:07","admin",,,,"_self","Web","icon-ym icon-ym-chartExample"
"6a64fc19cf9b4fbd898cb229cff3e3ea","7d7b0683b1844fd1bf1697c9dfc3ebb3","2","表格统计","extend.tableDemo.statisticsTable","extend/tableDemo/statisticsTable","1","1","1","{""iconBackgroundColor"":"""",""moduleId"":""""}",,"101","1","29/11/2020 14:19:44","admin","21/1/2021 02:22:43","admin",,,,"_self","Web","icon-ym icon-ym-tableExample1"
"6af73de0ad5a44c780045b719d61124f","7d7b0683b1844fd1bf1697c9dfc3ebb3","2","表格树形","extend.tableDemo.tableTree","extend/tableDemo/tableTree","1","1","1","{""iconBackgroundColor"":"""",""moduleId"":""""}",,"112","1","29/11/2020 14:19:44","admin","21/1/2021 02:57:14","03d159a3-0f88-424c-a24f-02f63855fe4f",,,,"_self","Web","icon-ym icon-ym-tableExample1"
"6bc2d4f16bad4e6897ba837a5c515f16","7234458129814e0c9c42bc89652b1fa0","2","大屏设计","onlineDev.dataScreen","onlineDev/dataScreen","1","1","1","{""iconBackgroundColor"":"""",""moduleId"":""""}",,"13","1","18/8/2020 10:01:43","admin","21/1/2021 01:26:14","admin",,,,"_self","Web","icon-ym icon-ym-bigScreenDesign"
"6de2f14ac37d46e9baa67d0ad4c3bbb1","41FC1581-2A8A-48DA-A207-E1266C4A893F","2","导入导出","extend.importAndExport","extend/importAndExport","1","1","1","{""iconBackgroundColor"":"""",""moduleId"":""""}","Excel导入导出","66","1","27/10/2017 16:35:23",,"21/1/2021 02:15:57","admin",,,,"_self","Web","icon-ym icon-ym-importAndExportExample"
"7110175e27ce424ea1d3ee4da7a72009","-1","1","移动应用","MobileApp",,"1","1","0","{""iconBackgroundColor"":"""",""moduleId"":""""}",,"4","1","29/11/2020 14:19:44","admin","7/12/2020 09:20:09","048657c1-ecb1-4e5d-aced-6126ceae779e",,,,"_self","App","icon-ym icon-ym-sysMenu"
"7147a8c641534b3db0bad7c6852017f4","E7443869-AFAD-4597-9B12-CD182369DF3C","2","行政区划","system.area","system/area","1","1","1","{""iconBackgroundColor"":"""",""moduleId"":""""}",,"26","1","12/11/2018 17:34:01","admin","21/1/2021 01:55:41","admin",,,,"_self","Web","icon-ym icon-ym-sysProvince"
"7234458129814e0c9c42bc89652b1fa0","-1","1","在线开发","onlineDev",,"0","0","0","{""iconBackgroundColor"":"""",""moduleId"":""""}",,"1","1","18/8/2020 09:49:14","admin","23/3/2021 07:23:40","admin",,,,"_self","Web","icon-ym icon-ym-onlineDevelopment"
"72d38eb93b4b453b93baedcdd16e7a17","5a45f2ff9d0845b2b80bc11f7f7861cf","2","待办事宜","workFlow.flowTodo","workFlow/flowTodo","1","1","1","{""iconBackgroundColor"":"""",""moduleId"":""""}",,"55","1","7/12/2019 17:38:43","admin","21/1/2021 02:12:38","admin",,,,"_self","Web","icon-ym icon-ym-flowTodo"
"731efce64d334b498e49f63497e76b03","4f8ac210b0c04181a238af1e23a22c11","2","表单字段6","extend.formDemo.fieldForm6","extend/formDemo/fieldForm6","1","1","1","{""iconBackgroundColor"":"""",""moduleId"":""""}",,"120","1","29/11/2020 14:19:44","admin","21/1/2021 02:58:20","03d159a3-0f88-424c-a24f-02f63855fe4f",,,,"_self","Web","icon-ym icon-ym-formExample1"
"73456c27d01b4416a330b011296c0f58","7d7b0683b1844fd1bf1697c9dfc3ebb3","2","复杂表头","extend.tableDemo.complexHeader","extend/tableDemo/complexHeader","1","1","1","{""iconBackgroundColor"":"""",""moduleId"":""""}",,"105","1","29/11/2020 14:19:44","admin","21/1/2021 02:31:44","admin",,,,"_self","Web","icon-ym icon-ym-tableExample1"
"76975bee62074937b8e3ab76e53b0797","-1","1","代码生成","generator",,"0","0","0","{""iconBackgroundColor"":"""",""moduleId"":""""}",,"2","1","31/7/2018 11:04:26","admin","20/1/2021 06:04:12","admin",,,,"_self","Web","icon-ym icon-ym-codeGeneration"
"7b251971ebc64ee283b5ee221930d751","ef0a18227f5c44bf810e793ca91ed796","5","可钻取交叉","kezhan","DataReport/kezhan","0","0","0","{""isTree"":0,""iconBackgroundColor"":"""",""moduleId"":""6e292d2e526e4581af72d09f21e275e0""}",,"0","1","6/11/2020 09:18:38","admin","20/11/2020 06:39:49","admin",,,,"_self","Web","icon-ym icon-ym-reportExample1"
"7d7b0683b1844fd1bf1697c9dfc3ebb3","41FC1581-2A8A-48DA-A207-E1266C4A893F","1","表格示例","extend.tableDemo",,"1","1","0","{""iconBackgroundColor"":"""",""moduleId"":""""}",,"63","1","29/11/2020 14:19:44","admin","21/1/2021 02:15:23","admin",,,,"_self","Web","icon-ym icon-ym-tableExample"
"81aa106174b34632963d8bb2f34016c4","6a36b5be00c74a5a8eadf9aca216ce8e","2","E-散点图","extend.graphDemo.echartsScatter","extend/graphDemo/echartsScatter","1","1","1","{""iconBackgroundColor"":"""",""moduleId"":""""}",,"85","1","29/11/2020 14:19:44","admin","21/1/2021 02:20:29","admin",,,,"_self","Web","icon-ym icon-ym-echartsScatter"
"853613e7d0aa46e383501b60af3bb440","7d7b0683b1844fd1bf1697c9dfc3ebb3","2","表格合并","extend.tableDemo.mergeTable","extend/tableDemo/mergeTable","1","1","1","{""iconBackgroundColor"":"""",""moduleId"":""""}",,"106","1","29/11/2020 14:19:44","admin","21/1/2021 02:54:51","admin",,,,"_self","Web","icon-ym icon-ym-tableExample1"
"854702f9d9c1413f8fe8c66bac8b726c","7d7b0683b1844fd1bf1697c9dfc3ebb3","2","表格打印","extend.tableDemo.printTable","extend/tableDemo/printTable","1","1","1","{""iconBackgroundColor"":"""",""moduleId"":""""}",,"107","1","29/11/2020 14:19:44","admin","21/1/2021 02:54:59","admin",,,,"_self","Web","icon-ym icon-ym-tableExample1"
"856131bc6e2b4b16aa79d35ba5234e78","5a45f2ff9d0845b2b80bc11f7f7861cf","2","流程监控","workFlow.flowMonitor","workFlow/flowMonitor","1","1","1","{""iconBackgroundColor"":"""",""moduleId"":""""}",,"59","1","16/1/2018 14:50:53","admin","21/1/2021 02:13:00","admin",,,,"_self","Web","icon-ym icon-ym-flowMonitor"
"85cd7bca426e49ce83a061bf461b1447","7234458129814e0c9c42bc89652b1fa0","2","功能设计","onlineDev.webDesign","onlineDev/webDesign","1","1","1","{""iconBackgroundColor"":""#FF3B3B"",""moduleId"":""""}","应用开发、移动开发、流程表单","10","1","29/11/2020 14:19:44","admin","23/3/2021 07:23:33","admin",,,,"_self","Web","icon-ym icon-ym-webDesign"
"89524f3808b843eab437ca68e7845151","41FC1581-2A8A-48DA-A207-E1266C4A893F","1","大屏示例","reportBI",,"0","0","0","{""iconBackgroundColor"":"""",""moduleId"":""""}",,"61","1",,,"21/1/2021 02:14:51","admin",,,,"_self","Web","icon-ym icon-ym-bigScreenExample1"
"8990be20320a4cec99d2e0979ec8dbe7","7110175e27ce424ea1d3ee4da7a72009","2","人脸识别","facerecognition","/pages/apply/apply/facerecognition/index","1","1","1","{""iconBackgroundColor"":"""",""moduleId"":""""}",,"0","1","29/11/2020 14:19:44","admin","9/12/2020 08:42:34","3074194b-1d4d-432a-b2a8-1e07fa88d644",,,,"_self","App","icon-ym icon-ym-saolian"
"8a9db01a5c394d889b7cd3d30a043982","6a36b5be00c74a5a8eadf9aca216ce8e","2","E-树形图","extend.graphDemo.echartsTree","extend/graphDemo/echartsTree","1","1","1","{""iconBackgroundColor"":"""",""moduleId"":""""}",,"88","1","29/11/2020 14:19:44","admin","21/1/2021 02:20:52","admin",,,,"_self","Web","icon-ym icon-ym-echartsTree"
"8c5df94a7af84f26846d719b6e27c765","ef0a18227f5c44bf810e793ca91ed796","5","交叉统计","jiaochatongji","DataReport/jiaochatongji","0","0","0","{""isTree"":0,""iconBackgroundColor"":"""",""moduleId"":""b64091c76e1241dab1da49ea430a65bb""}",,"0","1","6/11/2020 09:20:16","admin","20/11/2020 06:39:59","admin",,,,"_self","Web","icon-ym icon-ym-reportExample1"
"8cab8cfc402a45339975e1b58809cb4a","E7443869-AFAD-4597-9B12-CD182369DF3C","2","系统监控","system.monitor","system/monitor","1","1","1","{""iconBackgroundColor"":"""",""moduleId"":""""}",,"23","1",,,"21/1/2021 01:29:50","admin",,,,"_self","Web","icon-ym icon-ym-sysMonitor"
"8e31faee685446e28b1eb77cb871cae2","41FC1581-2A8A-48DA-A207-E1266C4A893F","1","功能示例","gongnegshili",,"1","1","1","{""iconBackgroundColor"":"""",""moduleId"":""""}",,"65","1","13/1/2021 15:36:10","admin","22/1/2021 11:52:34","admin",,,,"_self","Web","icon-ym icon-ym-generator-kanban"
"8ee6ec6db2ac4a5e9b010100c7690798","76975bee62074937b8e3ab76e53b0797","2","流程表单","generator.flowForm","generator/flowForm","1","1","1","{""iconBackgroundColor"":"""",""moduleId"":""""}",,"17","1","17/1/2018 11:58:36","admin","21/1/2021 09:27:37","admin",,,,"_self","Web","icon-ym icon-ym-flowForm"
"9057d797550e4457b7ddf2456ce45882","3899D622-578E-4149-B2B4-C8EBD9DA3FDB","2","权限管理","permission.authorize","permission/authorize","1","1","1","{""iconBackgroundColor"":""#1890FF"",""moduleId"":""""}",,"51","1","21/5/2018 14:00:08","admin","21/1/2021 02:07:07","admin",,,,"_self","Web","icon-ym icon-ym-authorize"
"9193163d20604861b13193d24bcb7b0c","E7443869-AFAD-4597-9B12-CD182369DF3C","1","数据应用","systemData",,"0","0","0","{""iconBackgroundColor"":"""",""moduleId"":""""}",,"28","1","18/8/2020 09:38:31","admin","21/1/2021 01:56:05","admin",,,,"_self","Web","icon-ym icon-ym-dataApplication"
"919e37b2a46d48d8a54152cd6e50627d","8e31faee685446e28b1eb77cb871cae2","3","库房管理","kufang","model/kufang","1","1","1","{""isTree"":0,""iconBackgroundColor"":"""",""moduleId"":""447cb92e35af40daabdbfdb242240f72""}",,"0","1","23/3/2021 08:14:02","admin",,,,,,"_self","Web","icon-ym icon-ym-tree-normal1"
"95160c525bd44caa9a5ea6170c052f86","ef0a18227f5c44bf810e793ca91ed796","5","横向多片交叉","hengxiang","DataReport/hengxiang","0","0","0","{""isTree"":0,""iconBackgroundColor"":"""",""moduleId"":""8b45326de0b342b6b5a3a5776585b35e""}",,"0","1","6/11/2020 09:15:51","admin","20/11/2020 06:39:39","admin",,,,"_self","Web","icon-ym icon-ym-reportExample1"
"95e276c7abf44476b888fda46989756c","6a36b5be00c74a5a8eadf9aca216ce8e","2","E-折柱混合图","extend.graphDemo.echartsLineBar","extend/graphDemo/echartsLineBar","1","1","1","{""iconBackgroundColor"":"""",""moduleId"":""""}",,"87","1","29/11/2020 14:19:44","admin","21/1/2021 02:20:45","admin",,,,"_self","Web","icon-ym icon-ym-echartsLineBar"
"968f981b95f24b3b9091243cb80e3510","6a36b5be00c74a5a8eadf9aca216ce8e","2","H-仪表图","extend.graphDemo.highchartsGauge","extend/graphDemo/highchartsGauge","1","1","1","{""iconBackgroundColor"":"""",""moduleId"":""""}",,"94","1","29/11/2020 14:19:44","admin","21/1/2021 02:21:40","admin",,,,"_self","Web","icon-ym icon-ym-highchartsGauge"
"97310591eada49f7920d73b554c59212","E7443869-AFAD-4597-9B12-CD182369DF3C","2","系统公告","system.notice","system/notice","1","1","1","{""iconBackgroundColor"":"""",""moduleId"":""""}","系统通知/公告","19","1","28/12/2017 11:12:45","admin","21/1/2021 01:29:02","admin",,,,"_self","Web","icon-ym icon-ym-sysNotice"
"980ce1bf11b24edcbbaafc43d30d64c2","6a36b5be00c74a5a8eadf9aca216ce8e","2","H-子弹图","extend.graphDemo.highchartsBullet","extend/graphDemo/highchartsBullet","1","1","1","{""iconBackgroundColor"":"""",""moduleId"":""""}",,"97","1","29/11/2020 14:19:44","admin","21/1/2021 02:22:02","admin",,,,"_self","Web","icon-ym icon-ym-highchartsBullet"
"98ffb44767534fcea4751eef9cc726f4","89524f3808b843eab437ca68e7845151","6","数据大屏管理驾驶舱","big1","DataV/big1","0","0","0","{""isTree"":0,""iconBackgroundColor"":"""",""moduleId"":""6c2c820a2a704292bedf635dcaa9c3d8""}",,"0","1","30/9/2020 07:14:47","048657c1-ecb1-4e5d-aced-6126ceae779e","25/12/2020 02:24:59","03d159a3-0f88-424c-a24f-02f63855fe4f",,,,"_blank","Web","icon-ym icon-ym-wf-batchTable"
"9A638D07-82BC-42CC-B6FB-DEE937CC6FE1","9193163d20604861b13193d24bcb7b0c","2","数据备份","systemData.dataBackup","systemData/dataBackup","1","1","1","{""iconBackgroundColor"":"""",""moduleId"":""""}","数据库备份","31","1","28/9/2017 15:43:21",,"21/1/2021 01:57:17","admin","0",,,"_self","Web","icon-ym icon-ym-dataBackup"
"9b17839e49d54f3f899e30ce1de699ca","ef0a18227f5c44bf810e793ca91ed796","5","用户列表","yonghu","DataReport/yonghu","0","0","0","{""isTree"":0,""iconBackgroundColor"":"""",""moduleId"":""d248cc4b68cd40fd94a27212593c5f5b""}",,"0","1","30/12/2020 12:25:24","admin",,,,,,"_self","Web","icon-ym icon-ym-file-video"
"9ee747a2b2a34b8b805bb08b8960eb9c","6a36b5be00c74a5a8eadf9aca216ce8e","2","H-漏斗图","extend.graphDemo.highchartsFunnel","extend/graphDemo/highchartsFunnel","1","1","1","{""iconBackgroundColor"":"""",""moduleId"":""""}",,"96","1","29/11/2020 14:19:44","admin","21/1/2021 02:21:54","admin",,,,"_self","Web","icon-ym icon-ym-highchartsFunnel"
"A62AB009-57F1-4FF5-9198-B31F17E88231","3899D622-578E-4149-B2B4-C8EBD9DA3FDB","2","在线用户","permission.userOnline","permission/userOnline","1","1","1","{""iconBackgroundColor"":"""",""moduleId"":""""}",,"52","1","28/9/2017 15:43:25",,"21/1/2021 02:07:14","admin","0",,,"_self","Web","icon-ym icon-ym-onlineUser"
"a8a67a231b924cf88981b61359179d06","5a45f2ff9d0845b2b80bc11f7f7861cf","2","已办事宜","workFlow.flowDone","workFlow/flowDone","1","1","1","{""iconBackgroundColor"":"""",""moduleId"":""""}",,"56","1","7/12/2019 17:39:42","admin","19/8/2020 09:50:35","03812269-e6db-4c36-96aa-4cc81e3d11f3",,,,"_self","Web","icon-ym icon-ym-flowDone"
"aa12ebbd21d644b0bc8e77cf5abaed27","19057834dec24f3dba5d81d0c374abea","2","公众号素材","weChat.mpMaterial","weChat/mpMaterial","1","1","1","{""iconBackgroundColor"":"""",""moduleId"":""""}","图文素材库","41","1","27/7/2018 17:09:44","admin","21/1/2021 02:00:28","admin",,,,"_self","Web","icon-ym icon-ym-mpMaterial"
"aad12c217ea047e0814c631c4784f489","76975bee62074937b8e3ab76e53b0797","2","移动表单","generator.appForm","generator/appForm","1","1","1","{""iconBackgroundColor"":"""",""moduleId"":""""}",,"16","1","18/8/2020 10:07:46","admin","21/1/2021 09:27:46","admin",,,,"_self","Web","icon-ym icon-ym-appForm"
"ada52a5b9e5f4297b423e958e6f8f5d2","7110175e27ce424ea1d3ee4da7a72009","2","我的日程","schedulemine","/pages/apply/apply/schedulemine/index","1","1","1","{""iconBackgroundColor"":"""",""moduleId"":""""}",,"0","1","29/11/2020 14:19:44","admin","9/12/2020 08:42:49","3074194b-1d4d-432a-b2a8-1e07fa88d644",,,,"_self","App","icon-ym icon-ym-xingcheng"
"B32CD790-FDC8-47BD-A53C-6C1E690F999A","41FC1581-2A8A-48DA-A207-E1266C4A893F","2","百万数据","extend.bigData","extend/bigData","1","1","1","{""iconBackgroundColor"":"""",""moduleId"":""""}","大数据测试，批量创建","65","1","28/9/2017 15:50:45",,"21/1/2021 02:15:49","admin","0",,,"_self","Web","icon-ym icon-ym-bigDataExample"
"b3e60c5216c44c3bad8e148b11ef75e2","19057834dec24f3dba5d81d0c374abea","2","企业号用户","weChat.qyUser","weChat/qyUser","1","1","1","{""iconBackgroundColor"":"""",""moduleId"":""""}",,"44","1","27/7/2018 17:10:30","admin","21/1/2021 02:00:55","admin",,,,"_self","Web","icon-ym icon-ym-qyUser"
"B6373926-3F55-495F-88D3-B47816F1C98E","41FC1581-2A8A-48DA-A207-E1266C4A893F","2","知识管理","extend.document","extend/document","1","1","1","{""iconBackgroundColor"":"""",""moduleId"":""""}",,"71","1","28/9/2017 15:50:46",,"21/1/2021 02:16:36","admin","0",,,"_self","Web","icon-ym icon-ym-documentExample"
"b7bd4892751a496ba4f37df6346e6dfb","7d7b0683b1844fd1bf1697c9dfc3ebb3","2","普通表格","extend.tableDemo.commonTable","extend/tableDemo/commonTable","1","1","1","{""iconBackgroundColor"":"""",""moduleId"":""""}",,"100","1","29/11/2020 14:19:44","admin","21/1/2021 02:22:33","admin",,,,"_self","Web","icon-ym icon-ym-tableExample1"
"b7c9307cdb0c49b7923787382d006061","7d7b0683b1844fd1bf1697c9dfc3ebb3","2","表格编辑","extend.tableDemo.redactTable","extend/tableDemo/redactTable","1","1","1","{""iconBackgroundColor"":"""",""moduleId"":""""}",,"104","1","29/11/2020 14:19:44","admin","21/1/2021 02:31:35","admin",,,,"_self","Web","icon-ym icon-ym-tableExample1"
"b933a567a18a442e95bd56c546fa2d55","ef0a18227f5c44bf810e793ca91ed796","5","错行分组","cuoxing","DataReport/cuoxing","0","0","0","{""isTree"":0,""iconBackgroundColor"":"""",""moduleId"":""5204d086d36044eb946410190173f238""}",,"0","1","6/11/2020 09:11:14","admin","20/11/2020 06:39:34","admin",,,,"_self","Web","icon-ym icon-ym-reportExample1"
"bc8957e2c98b4bb682109d003780f2d4","7d7b0683b1844fd1bf1697c9dfc3ebb3","2","延伸扩展","extend.tableDemo.extension","extend/tableDemo/extension","1","1","1","{""iconBackgroundColor"":"""",""moduleId"":""""}",,"108","1","29/11/2020 14:19:44","admin","21/1/2021 02:55:12","admin",,,,"_self","Web","icon-ym icon-ym-tableExample1"
"BFA48A1E-2957-4B67-B432-C409DCA4FD29","41FC1581-2A8A-48DA-A207-E1266C4A893F","2","邮件收发","extend.email","extend/email","1","1","1","{""iconBackgroundColor"":"""",""moduleId"":""""}",,"70","1","28/9/2017 15:50:45",,"21/1/2021 02:16:27","admin","0",,,"_self","Web","icon-ym icon-ym-emailExample"
"c1c32d3aa7ee4aaa9a0ac6c293ef9f14","6a36b5be00c74a5a8eadf9aca216ce8e","2","E-横状条形图","extend.graphDemo.echartsBarAcross","extend/graphDemo/echartsBarAcross","1","1","1","{""iconBackgroundColor"":"""",""moduleId"":""""}",,"82","1","29/11/2020 14:19:44","admin","21/1/2021 02:20:07","admin",,,,"_self","Web","icon-ym icon-ym-echartsBarAcross"
"c2122f82fc9c40fca0eb0392d7337e6b","9193163d20604861b13193d24bcb7b0c","2","数据接口","systemData.dataInterface","systemData/dataInterface","1","1","1","{""iconBackgroundColor"":"""",""moduleId"":""""}","动态编写SQL语句定义接口数据 绑定下拉框或弹窗选择数据接口、报表/BI数据接口","33","1",,,"21/1/2021 01:58:36","admin",,,,"_self","Web","icon-ym icon-ym-dataInterface"
"c2975d9023534cadb5a4fd6af9d1d1d8","9193163d20604861b13193d24bcb7b0c","2","数据同步","systemData.dataSync","systemData/dataSync","1","1","1","{""iconBackgroundColor"":"""",""moduleId"":""""}","数据库同步","34","1","1/8/2018 09:36:59","admin","21/1/2021 01:58:44","admin",,,,"_self","Web","icon-ym icon-ym-dataSync"
"c2edf171136045acbdfba68cf1766048","7110175e27ce424ea1d3ee4da7a72009","3","财务报销单","test_reimbursement","/pages/apply/apply/features/index?id=e1c12439d15442b28247c29cb17e7e6c","1","1","1","{""iconBackgroundColor"":"""",""moduleId"":""e1c12439d15442b28247c29cb17e7e6c""}",,"0","1","30/11/2020 03:52:32","0a72e7d8-b519-435b-9c43-6796a31c72ec","19/1/2021 15:30:32","admin",,,,"_self","App","icon-ym icon-ym-extend-car"
"c50f18d0568244a5b85878050bbc5a40","9193163d20604861b13193d24bcb7b0c","2","数据建模","systemData.dataModel","systemData/dataModel","1","1","1","{""iconBackgroundColor"":"""",""moduleId"":""""}","数据库建模","30","1","1/8/2018 09:36:43","admin","21/1/2021 01:56:47","admin",,,,"_self","Web","icon-ym icon-ym-dataModel"
"c6f61aad76b6445e8ecc76e013c10a57","41FC1581-2A8A-48DA-A207-E1266C4A893F","2","打印示例","extend.printData","extend/printData","1","1","1","{""iconBackgroundColor"":"""",""moduleId"":""""}",,"74","1","27/10/2017 16:35:57",,"21/1/2021 02:17:00","admin",,,,"_self","Web","icon-ym icon-ym-printExample"
"c7159f97177b420d9fc8ec8c74ae541b","7234458129814e0c9c42bc89652b1fa0","2","报表设计","onlineDev.dataReport","onlineDev/dataReport","1","1","1","{""iconBackgroundColor"":""#F68900"",""moduleId"":""""}",,"12","1","4/8/2020 17:55:38","00ca450b-141b-45d2-b6cb-94d818165543","21/1/2021 01:26:06","admin",,,,"_self","Web","icon-ym icon-ym-reportDesign"
"c73a0671b12549109148d016109f7830","19057834dec24f3dba5d81d0c374abea","2","公众号配置","weChat.mpConfig","weChat/mpConfig","1","1","1","{""iconBackgroundColor"":"""",""moduleId"":""""}",,"37","1",,,"21/1/2021 01:59:50","admin",,,,"_self","Web","icon-ym icon-ym-mpConfig"
"c7ded4ca6cf9402f97386051eaedd254","8e31faee685446e28b1eb77cb871cae2","3","入职申请","ruzhi","model/ruzhi","1","1","1","{""isTree"":0,""iconBackgroundColor"":"""",""moduleId"":""b9af594a0a3f43be9fa553e8ca4f347e""}",,"0","1","23/3/2021 07:47:01","admin",,,,,,"_self","Web","icon-ym icon-ym-file-html1"
"C9998351-03E7-449D-B911-666E83F8549E","E7443869-AFAD-4597-9B12-CD182369DF3C","2","菜单管理","system.menu","system/menu","1","1","1","{""iconBackgroundColor"":"""",""moduleId"":""""}",,"25","1","28/9/2017 15:43:21",,"21/1/2021 01:55:32","admin","0",,,"_self","Web","icon-ym icon-ym-sysMenu"
"ca2b98a8942a435db09e0799c95901fb","7110175e27ce424ea1d3ee4da7a72009","2","外勤打卡","fieldpunchcard","/pages/apply/apply/fieldpunchcard/index","1","1","1","{""iconBackgroundColor"":"""",""moduleId"":""""}",,"0","1","29/11/2020 14:19:44","admin","9/12/2020 08:43:05","3074194b-1d4d-432a-b2a8-1e07fa88d644",,,,"_self","App","icon-ym icon-ym-daka"
"d059c561ce5949b2a9f7a89ad1d0056e","7110175e27ce424ea1d3ee4da7a72009","2","订单示例","ordermanagelist","/pages/apply/apply/ordermanagelist/index","1","1","1","{""iconBackgroundColor"":"""",""moduleId"":""""}",,"0","1","29/11/2020 14:19:44","admin","9/12/2020 08:43:21","3074194b-1d4d-432a-b2a8-1e07fa88d644",,,,"null","App","icon-ym icon-ym-dingdang"
"d1d4cce0e6bd4346a4de288d8ea560b1","E7443869-AFAD-4597-9B12-CD182369DF3C","2","单据规则","system.billRule","system/billRule","1","1","1","{""iconBackgroundColor"":"""",""moduleId"":""""}","流水号管理","27","1","17/4/2018 17:47:39","admin","21/1/2021 01:55:48","admin",,,,"_self","Web","icon-ym icon-ym-sysBillRule"
"d3bdb85240aa45a2ac9f6026dc515bde","7110175e27ce424ea1d3ee4da7a72009","3","驾驶员管理","jiashiyuanguanli","/pages/apply/apply/features/index?id=d0378bc5d6b54c1cb32ac9e7ef21e5a2","1","1","1","{""iconBackgroundColor"":"""",""moduleId"":""d0378bc5d6b54c1cb32ac9e7ef21e5a2""}",,"0","1","30/11/2020 00:56:04","0a72e7d8-b519-435b-9c43-6796a31c72ec","19/1/2021 15:31:22","admin",,,,"_self","App","icon-ym icon-ym-tree-department1"
"d46e62dfe83542dab52ddbdc87bbe37c","7110175e27ce424ea1d3ee4da7a72009","2","组件示例","subassembly","/pages/apply/apply/subassembly/index","1","1","1","{""iconBackgroundColor"":"""",""moduleId"":""""}",,"0","1","29/11/2020 14:19:44","admin","9/12/2020 08:43:38","3074194b-1d4d-432a-b2a8-1e07fa88d644",,,,"_self","App","icon-ym icon-ym-zujian"
"dae3a9ca44ae45df81478758799f2087","19057834dec24f3dba5d81d0c374abea","2","企业号配置","weChat.qyhConfig","weChat/qyhConfig","1","1","1","{""iconBackgroundColor"":"""",""moduleId"":""""}","图文素材库","42","1",,,"21/1/2021 02:00:39","admin",,,,"_self","Web","icon-ym icon-ym-qyConfig"
"dfd43d14ee7e4a4fb8e60c00677df3b9","7d7b0683b1844fd1bf1697c9dfc3ebb3","2","表格标记","extend.tableDemo.signTable","extend/tableDemo/signTable","1","1","1","{""iconBackgroundColor"":"""",""moduleId"":""""}",,"111","1","29/11/2020 14:19:44","admin","21/1/2021 02:56:41","03d159a3-0f88-424c-a24f-02f63855fe4f",,,,"_self","Web","icon-ym icon-ym-tableExample1"
"e26bfab3770b470cab442e5d9ff37cb8","4f8ac210b0c04181a238af1e23a22c11","2","表单字段3","extend.formDemo.fieldForm3","extend/formDemo/fieldForm3","1","1","1","{""iconBackgroundColor"":"""",""moduleId"":""""}",,"117","1","29/11/2020 14:19:44","admin","21/1/2021 02:57:57","03d159a3-0f88-424c-a24f-02f63855fe4f",,,,"_self","Web","icon-ym icon-ym-formExample1"
"e2790019271d4913b3c077447487be16","19057834dec24f3dba5d81d0c374abea","2","公众号消息","weChat.mpMessage","weChat/mpMessage","1","1","1","{""iconBackgroundColor"":"""",""moduleId"":""""}",,"40","1","27/7/2018 17:09:29","admin","21/1/2021 02:00:20","admin",,,,"_self","Web","icon-ym icon-ym-mpMessage"
"e4868f1989ed40c9b4ae46f0196fd34f","6a36b5be00c74a5a8eadf9aca216ce8e","2","H-贝尔曲线","extend.graphDemo.highchartsBellcurve","extend/graphDemo/highchartsBellcurve","1","1","1","{""iconBackgroundColor"":"""",""moduleId"":""""}",,"95","1","29/11/2020 14:19:44","admin","21/1/2021 02:21:47","admin",,,,"_self","Web","icon-ym icon-ym-highchartsBellcurve"
"E5AA0952-44FB-4FB9-B888-C6B78EF96836","3899D622-578E-4149-B2B4-C8EBD9DA3FDB","2","岗位管理","permission.position","permission/position","1","1","1","{""iconBackgroundColor"":"""",""moduleId"":""""}",,"48","1","28/9/2017 15:43:24",,"21/1/2021 02:06:38","admin","0",,,"_self","Web","icon-ym icon-ym-position"
"e6b50a35425d449e947c9040ce053e69","19057834dec24f3dba5d81d0c374abea","2","公众号用户","weChat.mpUser","weChat/mpUser","1","1","1","{""iconBackgroundColor"":"""",""moduleId"":""""}","11","39","1","27/7/2018 17:01:40","admin","21/1/2021 02:00:08","admin",,,,"_self","Web","icon-ym icon-ym-mpUser"
"e705a1d2caf54d5d9a5827db0ceab585","19057834dec24f3dba5d81d0c374abea","2","企业号组织","weChat.qyDepartment","weChat/qyDepartment","1","1","1","{""iconBackgroundColor"":"""",""moduleId"":""""}",,"43","1","27/7/2018 17:10:20","admin","21/1/2021 02:00:47","admin",,,,"_self","Web","icon-ym icon-ym-qyOrg"
"E7443869-AFAD-4597-9B12-CD182369DF3C","-1","1","系统管理","system",,"0","0","0","{""iconBackgroundColor"":"""",""moduleId"":""""}",,"3","1","28/9/2017 15:43:18",,"20/1/2021 06:04:24","admin","0",,,"_self","Web","icon-ym icon-ym-system"
"ec49d03e8ca24a2f81d2804350f01f2a","7d7b0683b1844fd1bf1697c9dfc3ebb3","2","表格分组","extend.tableDemo.groupingTable","extend/tableDemo/groupingTable","1","1","1","{""iconBackgroundColor"":"""",""moduleId"":""""}",,"103","1","29/11/2020 14:19:44","admin","21/1/2021 02:31:27","admin",,,,"_self","Web","icon-ym icon-ym-tableExample1"
"ef0a18227f5c44bf810e793ca91ed796","41FC1581-2A8A-48DA-A207-E1266C4A893F","1","报表示例","dataReport",,"0","0","0","{""iconBackgroundColor"":"""",""moduleId"":""""}",,"60","1","25/12/2017 17:17:45","admin","21/1/2021 02:14:05","admin",,,,"_self","Web","icon-ym icon-ym-reportExample"
"ef96d397af964fb7a4363c516270a4f4","9193163d20604861b13193d24bcb7b0c","2","数据连接","systemData.dataSource","systemData/dataSource","1","1","1","{""iconBackgroundColor"":"""",""moduleId"":""""}",,"29","1","29/11/2018 14:19:44","admin","21/1/2021 01:56:29","admin",,,,"_self","Web","icon-ym icon-ym-dataSource"
"f32e517a0a9e4cf7b2eb80a589a6da9d","76975bee62074937b8e3ab76e53b0797","2","功能表单","generator.webForm","generator/webForm","1","1","1","{""iconBackgroundColor"":"""",""moduleId"":""""}",,"15","1","18/8/2020 10:05:58","admin","21/1/2021 01:28:09","admin",,,,"_self","Web","icon-ym icon-ym-webForm"
"f49c10a5a05e4844a16530486efd974b","4f8ac210b0c04181a238af1e23a22c11","2","表单验证1","extend.formDemo.verifyForm1","extend/formDemo/verifyForm1","1","1","1","{""iconBackgroundColor"":"""",""moduleId"":""""}",,"114","1","29/11/2020 14:19:44","admin","21/1/2021 02:57:31","03d159a3-0f88-424c-a24f-02f63855fe4f",,,,"_self","Web","icon-ym icon-ym-formExample1"
"F4FCA43A-B563-4149-AB16-486589CFC154","41FC1581-2A8A-48DA-A207-E1266C4A893F","2","订单管理","extend.order","extend/order","1","1","1","{""iconBackgroundColor"":"""",""moduleId"":""""}",,"76","1","28/9/2017 15:50:46",,"21/1/2021 02:17:18","admin","0",,,"_self","Web","icon-ym icon-ym-orderExample"
"f6b7ce17cef147b0bb97abdc6c95e12a","7234458129814e0c9c42bc89652b1fa0","2","移动设计","onlineDev.appDesign","onlineDev/appDesign","1","1","1","{""iconBackgroundColor"":""#282828"",""moduleId"":""""}",,"11","1","17/8/2020 03:23:50","00d9428a-25f5-4ceb-ab9b-1a3c71989bb4","21/1/2021 01:25:53","admin",,,,"_self","Web","icon-ym icon-ym-appDesign"
"f8ac907998d64f39b5e3743738f933ad","6a36b5be00c74a5a8eadf9aca216ce8e","2","H-散点图","extend.graphDemo.highchartsScatter","extend/graphDemo/highchartsScatter","1","1","1","{""iconBackgroundColor"":"""",""moduleId"":""""}",,"90","1","29/11/2020 14:19:44","admin","21/1/2021 02:21:07","admin",,,,"_self","Web","icon-ym icon-ym-highchartsScatter"
"fb0888d9111a40a0adb44ccdf9dbb5c6","5a45f2ff9d0845b2b80bc11f7f7861cf","2","抄送事宜","workFlow.flowCirculate","workFlow/flowCirculate","1","1","1","{""iconBackgroundColor"":"""",""moduleId"":""""}",,"57","1","7/12/2019 17:41:14","admin","21/1/2021 02:12:48","admin",,,,"_self","Web","icon-ym icon-ym-flowForm"
"fb4ae524555448ddadfbe514134e7bb6","41FC1581-2A8A-48DA-A207-E1266C4A893F","2","电子签名","extend.signature","extend/signature","1","1","1","{""isTree"":0,""iconBackgroundColor"":"""",""moduleId"":""""}",,"67","1","25/12/2020 01:56:46","02ed7f16-1337-454d-ac47-3250551a1588","21/1/2021 02:16:06","admin",,,,"_self","Web","icon-ym icon-ym-extend-pencil"
"fe0150960dd542ec9328067e4495074b","5a45f2ff9d0845b2b80bc11f7f7861cf","2","流程设计","workFlow.flowEngine","workFlow/flowEngine","1","1","1","{""iconBackgroundColor"":""#7B1AE1"",""moduleId"":""""}",,"53","1","16/1/2018 14:51:07","admin","21/1/2021 02:11:59","admin",,,,"_self","Web","icon-ym icon-ym-flowDesign"
