"F_Id","F_ParentId","F_FullName","F_EnCode","F_SimpleSpelling","F_IsDefault","F_Description","F_SortCode","F_EnabledMark","F_CreatorTime","F_CreatorUserId","F_LastModifyTime","F_LastModifyUserId","F_DeleteMark","F_DeleteTime","F_DeleteUserId","F_DictionaryTypeId"
"00027e3ecaf54f008a5d7e25c6d4f4c3","963255a34ea64a2584c5d1ba269c1fe6","保密","3","3",,,"0","1","15/8/2020 03:11:52","00ca450b-141b-45d2-b6cb-94d818165543","15/8/2020 03:17:02","00ca450b-141b-45d2-b6cb-94d818165543",,,,"963255a34ea64a2584c5d1ba269c1fe6"
"00C3CCB3-47E1-4FA3-8F8E-3AF6EA6D808A","d9b969ed-9122-4861-9035-c631acf99378","文艺演出","文艺演出","WYYC",,,"0","1","24/10/2017 16:00:36",,,,,,,"d59a3cf65f9847dbb08be449e3feae16"
"01ba59c5d9a44d71ab0284cb48525813","0","达斡尔族","达斡尔族","DWEZ",,,"0","1","24/10/2017 16:00:36",,,,,,,"b6cd65a763fa45eb9fe98e5057693e40"
"029801dc74fd4fd1bc432ca9aba759dd","65e7917344fa460e8c487e45bbbab26f","费用相关","costRelated","FYXG",,,"0","1","21/9/2020 02:20:43","00ca450b-141b-45d2-b6cb-94d818165543",,,,,,"65e7917344fa460e8c487e45bbbab26f"
"02C0A09B-1FD7-4B1A-BCD1-9F368AEE9066","4d885793-2fbd-49ce-9b0e-aa709a71b2d0","景区/公园/游乐","景区/公园/游乐","JQGYYY,JQGYYL,JOGYYY,JOGYYL",,,"0","1","24/10/2017 16:00:36",,,,,,,"d59a3cf65f9847dbb08be449e3feae16"
"02c8e5984d484358beff9cdff599992b","1cff2b60fd7a4c9f82273163b956268c","人事管理","personnelManage","RSGL",,,"0","1","21/9/2020 02:00:38","00ca450b-141b-45d2-b6cb-94d818165543",,,,,,"1cff2b60fd7a4c9f82273163b956268c"
"03fdd2708ade428a97edb2b21e3c4458","4173579c31e74a2b8749e65a23e5c957","费用相关","costRelated","FYXG",,,"0","1","21/9/2020 01:58:56","00ca450b-141b-45d2-b6cb-94d818165543",,,,,,"4173579c31e74a2b8749e65a23e5c957"
"059275f8dc94475d82efd6780d2f67b6","0","锡伯族","锡伯族","XBZ",,,"0","1","24/10/2017 16:00:36",,,,,,,"b6cd65a763fa45eb9fe98e5057693e40"
"06cf989b086a432c9e507e88117e37f5","0","网银支付","Onlinepayment","WYZF",,,"0","1","10/7/2018 10:26:05","admin","10/7/2018 10:56:02","admin",,,,"1143c18426014419a35aa1fa97685c9c"
"06daee5aa4ce4c4595c654e37b0c1b0c","038d293fca544c86afa3f2bc65421fd7","新增意向客户","2","XZYXKH",,,"0","1","6/11/2020 06:43:30","admin","21/1/2021 08:48:46","admin",,,,"038d293fca544c86afa3f2bc65421fd7"
"06DBA3B3-B7E5-4631-9718-8B3160EE289C","27c38cf2-dc0a-4449-ab87-7eb68f7e425b","兴趣辅导/特长教育","兴趣辅导/特长教育","XQFDTZJY,XQFDTCJY",,,"0","1","24/10/2017 16:00:36",,,,,,,"d59a3cf65f9847dbb08be449e3feae16"
"074a2706adc84abe8832b0b6a9f20229","0","国有企业","1","GYQY","0",,"0","1","25/10/2017 14:34:31",,"26/10/2017 17:14:06",,,,,"9b542177a477488994ce09fff3c93901"
"077600c9ac6b4e769c20e5c638bd2ff9","1e31cad8cf5448a9859d8551015eb6f0","女","2","N",,,"0","1","4/11/2020 06:48:50","admin",,,,,,"1e31cad8cf5448a9859d8551015eb6f0"
"07b315252c644637ae121befcfaef98e","037ba904515348eaad1c4bd462fc80a6","合同管理","contractManage","HTGL",,,"0","1","21/9/2020 02:03:08","00ca450b-141b-45d2-b6cb-94d818165543",,,,,,"037ba904515348eaad1c4bd462fc80a6"
"07b7ab0a7e624363bdc0a82e49f025ed","0","费用相关","2","FYXG",,,"0","1","16/5/2020 17:02:46","admin","16/5/2020 17:05:33","admin",,,,"e0bfb7f7a3054e65949ca0f7c136d717"
"07F0018A-897A-4D27-BBF5-9567D8F78A7B","8e63a940-4e88-461f-b80d-fd3db065bfef","水/电/暖/气","水/电/暖/气","SDNQ",,,"0","1","24/10/2017 16:00:36",,,,,,,"d59a3cf65f9847dbb08be449e3feae16"
"07f10a73a43942969e7b75a6d14c4e17","0","俄罗斯族","俄罗斯族","ELSZ",,,"0","1","24/10/2017 16:00:36",,,,,,,"b6cd65a763fa45eb9fe98e5057693e40"
"091f83fedfa3424d93f47c6845c342dc","0","繁体中文","zh-TW","PTZW,FTZW",,,"0","1","24/10/2017 16:00:36",,"6/9/2018 11:27:24","admin",,,,"dc6b2542d94b407cac61ec1d59592901"
"093461964de74d75a5a0cb3a0f3bd46c","4173579c31e74a2b8749e65a23e5c957","仓库管理","warehouseManagement","CKGL",,,"0","1","21/9/2020 01:59:51","00ca450b-141b-45d2-b6cb-94d818165543",,,,,,"4173579c31e74a2b8749e65a23e5c957"
"097a648ca21943c8ab775d169b893725","0","简体中文","zh-CN","JTZW","1",,"0","1","24/10/2017 16:00:36",,"6/9/2018 11:27:12","admin",,,,"dc6b2542d94b407cac61ec1d59592901"
"0A5B92DD-3236-45E7-BD1B-CC92EE212135","75f1eb60-1258-4747-bfbc-ac66c1724b49","商务中介/外贸报关代理","商务中介/外贸报关代理","SWZJWMBGDL",,,"0","1","24/10/2017 16:00:36",,,,,,,"d59a3cf65f9847dbb08be449e3feae16"
"0A5BECDA-4840-4DAA-94A6-3564B744B35E","b5dc651f-1125-4c6c-8114-24e2ef85ed73","养生/按摩","养生/按摩","YSAM",,,"0","1","24/10/2017 16:00:36",,,,,,,"d59a3cf65f9847dbb08be449e3feae16"
"0b5d86db35764ae593918b0d5c0dacc8","3e2d33e54d554b4b8a33fc41b93f8a2d","薪酬费用","5","XCFY",,,"0","1","31/10/2020 01:57:41","admin",,,,,,"3e2d33e54d554b4b8a33fc41b93f8a2d"
"0bb8dce3cd934b5da4c31be379fdb962","0","景颇族","景颇族","JPZ",,,"0","1","24/10/2017 16:00:36",,,,,,,"b6cd65a763fa45eb9fe98e5057693e40"
"0c31b14f1d1743268ae54a1694a7ea14","0","线上询价","线上询价","XSXJ",,,"0","1","16/12/2019 17:52:42","admin",,,,,,"c9f32bb4eef748998ed57280fe100fb7"
"0cc616a324d94e4d868d75e93c2ef044","0","合同管理","4","HTGL,GTGL",,,"0","1","16/5/2020 17:03:53","admin","16/5/2020 17:05:42","admin",,,,"e0bfb7f7a3054e65949ca0f7c136d717"
"0d181414d82442a296473cac4fa357ec","0","@2980","@2980.com",,,"网络邮箱","0","1","30/11/2018 11:28:24","admin",,,,,,"55d7666d74df4bb4b36aed08a3a5bad1"
"0DB2D286-D299-4490-808B-A94A217E45DD","c6edee1e-ae57-4b1e-84e5-4837e24978b8","政府","政府","ZF",,,"0","1","24/10/2017 16:00:36",,,,,,,"d59a3cf65f9847dbb08be449e3feae16"
"0F2C0CD7-D2ED-4119-8E06-80D928B6F6DD","d9b969ed-9122-4861-9035-c631acf99378","洗浴","洗浴","XY",,,"0","1","24/10/2017 16:00:36",,,,,,,"d59a3cf65f9847dbb08be449e3feae16"
"0F3966B0-63A5-47B1-A88B-D8CDFE65563E","75f1eb60-1258-4747-bfbc-ac66c1724b49","货物运输/大宗物流","货物运输/大宗物流","HWYSDZWL",,,"0","1","24/10/2017 16:00:36",,,,,,,"d59a3cf65f9847dbb08be449e3feae16"
"0fcc751d-9ceb-4767-8755-f0189b239468","d59a3cf65f9847dbb08be449e3feae16","房产/装修/租售","房产/装修/租售","FCZXZS",,,"0","1","24/10/2017 16:00:36",,"22/1/2021 02:02:52","admin",,,,"d59a3cf65f9847dbb08be449e3feae16"
"1128f7a50cc64c6db6eed4696fdbee80","0","研究生","7","YJS",,,"0","1","24/10/2017 16:00:35",,"28/9/2020 01:10:01","admin",,,,"6a6d6fb541b742fbae7e8888528baa16"
"113779bb677d4021b54b10eb8c29145a","0","壮族","壮族","ZZ",,,"0","1","24/10/2017 16:00:35",,,,,,,"b6cd65a763fa45eb9fe98e5057693e40"
"128ACB5A-3619-4D41-86A6-9CC8CE44F0C9","27c38cf2-dc0a-4449-ab87-7eb68f7e425b","留学/移民","留学/移民","LXYM",,,"0","1","24/10/2017 16:00:36",,,,,,,"d59a3cf65f9847dbb08be449e3feae16"
"12f83c695e104710933f9d713ac68b32","0","京族","京族","JZ",,,"0","1","24/10/2017 16:00:36",,,,,,,"b6cd65a763fa45eb9fe98e5057693e40"
"134d1bdae57e4d6c898e0d2ee72f2164","0","黎族","黎族","LZ",,,"0","1","24/10/2017 16:00:35",,,,,,,"b6cd65a763fa45eb9fe98e5057693e40"
"176a35a32f6847db9d6699b35e96b662","3e2d33e54d554b4b8a33fc41b93f8a2d","人事费用","1","RSFY",,,"1","1","31/10/2020 01:56:25","admin","20/1/2021 11:59:14","admin",,,,"3e2d33e54d554b4b8a33fc41b93f8a2d"
"1ae0d5056618489f941edc485c2ae772","0","小于","4","XY",,,"0","1","24/10/2017 16:00:36",,"26/10/2017 17:17:37",,,,,"237446e245ce403d8062995ea33711cf"
"1aea9914615748c1a150ebc52a102e60","0","搜索引擎","搜索引擎","SSYQ",,,"0","1","16/12/2019 17:52:09","admin",,,,,,"c9f32bb4eef748998ed57280fe100fb7"
"1b5fc8800abc468ca6af903149caa5a4","0","半年结算","Halfyearknot","BNJS",,,"0","1","10/7/2018 10:24:58","admin","10/7/2018 10:54:11","admin",,,,"1143c18426014419a35aa1fa97685c9c"
"1b6da0db9c8f4054ac5225d32ac2607a","0","普米族","普米族","PMZ",,,"0","1","24/10/2017 16:00:36",,,,,,,"b6cd65a763fa45eb9fe98e5057693e40"
"1b82cfae-98f1-4b54-a3ae-1d1c6ad3f3f6","0","手机数码/通讯服务","手机数码/通讯服务","SJSMTXFW",,,"0","1","24/10/2017 16:00:36",,,,,,,"d59a3cf65f9847dbb08be449e3feae16"
"1c8bc07c65214f7ca842d8504cea4067","0","东乡族","东乡族","DXZ",,,"0","1","24/10/2017 16:00:35",,,,,,,"b6cd65a763fa45eb9fe98e5057693e40"
"1CCFE5C7-9448-44C1-A7A0-206DA6095868","7c7d4ae2-455c-439b-b8a8-eb484014aa75","维修/保养/改装","维修/保养/改装","WXBYGZ",,,"0","1","24/10/2017 16:00:36",,,,,,,"d59a3cf65f9847dbb08be449e3feae16"
"1d53970d6da94c6ca648311399122a02","0","哈萨克族","哈萨克族","HSKZ",,,"0","1","24/10/2017 16:00:35",,,,,,,"b6cd65a763fa45eb9fe98e5057693e40"
"1db9a7c7c88a4dc7a5f61ae3aed723ae","0","撒拉族","撒拉族","SLZ",,,"0","1","24/10/2017 16:00:36",,,,,,,"b6cd65a763fa45eb9fe98e5057693e40"
"1E8757B0-9572-43B7-B5B0-CE15FDC9AAF2","614ecab4-845f-4cbc-9ff7-a9968aca6eeb","安防/监控器材","安防/监控器材","AFJKQC",,,"0","1","24/10/2017 16:00:36",,,,,,,"d59a3cf65f9847dbb08be449e3feae16"
"20720625593343e39676654e73a6a39a","0","朝鲜族","朝鲜族","ZXZ,CXZ",,,"0","1","24/10/2017 16:00:35",,,,,,,"b6cd65a763fa45eb9fe98e5057693e40"
"2112FC39-0B0C-4D4D-87CB-A48843674083","0fcc751d-9ceb-4767-8755-f0189b239468","开发商","开发商","KFS",,,"0","1","24/10/2017 16:00:36",,,,,,,"d59a3cf65f9847dbb08be449e3feae16"
"22DF536C-B5FF-44BA-A53E-66DD314055E0","4d885793-2fbd-49ce-9b0e-aa709a71b2d0","客运/票务","客运/票务","KYPW",,,"0","1","24/10/2017 16:00:36",,,,,,,"d59a3cf65f9847dbb08be449e3feae16"
"2498cd869da94d60b7c37c9afb8cc557","70f970e14fee4879802b63122511032b","自定义表单","2","DTBD",,,"0","1","10/8/2020 18:11:36","00ca450b-141b-45d2-b6cb-94d818165543","3/12/2020 09:30:35","admin",,,,"70f970e14fee4879802b63122511032b"
"249c53f9a6fc4be2b7ed1c9505daa863","b1474890faaa47e1858ce7b593c8ffd7","人事管理","personnelManage","RSGL",,,"0","1","21/9/2020 02:22:14","00ca450b-141b-45d2-b6cb-94d818165543",,,,,,"b1474890faaa47e1858ce7b593c8ffd7"
"25b952c507b148f98d50762a2e90419a","0","裕固族","裕固族","YGZ",,,"0","1","24/10/2017 16:00:36",,,,,,,"b6cd65a763fa45eb9fe98e5057693e40"
"25c403a66a7a43cab1f85f105e5ba394","038d293fca544c86afa3f2bc65421fd7","商机","1","SJ",,,"0","1","6/11/2020 06:43:20","admin",,,,,,"038d293fca544c86afa3f2bc65421fd7"
"2602c057c8ee4cc78857465379d6c822","1cff2b60fd7a4c9f82273163b956268c","合同管理","contractManage","HTGL",,,"0","1","21/9/2020 02:01:07","00ca450b-141b-45d2-b6cb-94d818165543",,,,,,"1cff2b60fd7a4c9f82273163b956268c"
"26f5cd7cd65b49548043bcdd72d3afdf","4173579c31e74a2b8749e65a23e5c957","合同管理","contractManage","HTGL",,,"0","1","21/9/2020 01:59:12","00ca450b-141b-45d2-b6cb-94d818165543",,,,,,"4173579c31e74a2b8749e65a23e5c957"
"2716A909-1CAC-4A72-8749-28206D3326E0","d9b969ed-9122-4861-9035-c631acf99378","电影院","电影院","DYY",,,"0","1","24/10/2017 16:00:36",,,,,,,"d59a3cf65f9847dbb08be449e3feae16"
"2745E89F-AA85-49EB-943C-9037D7B73535","0fcc751d-9ceb-4767-8755-f0189b239468","家具/家居","家具/家居","JJJJ",,,"0","1","24/10/2017 16:00:36",,,,,,,"d59a3cf65f9847dbb08be449e3feae16"
"27c38cf2-dc0a-4449-ab87-7eb68f7e425b","0","教育/出国","教育/出国","JYCG",,,"0","1","24/10/2017 16:00:36",,,,,,,"d59a3cf65f9847dbb08be449e3feae16"
"27d8cf5a-22e8-4e05-b4d6-5684a564418a","0","计算机/互联网","计算机/互联网","JSJHLW",,,"0","1","24/10/2017 16:00:36",,,,,,,"d59a3cf65f9847dbb08be449e3feae16"
"27efd59ba0ff484e88a528b8dc678cdf","573c31998bc04a23a769f9a9eff67d00","仓库管理","warehouseManagement","CKGL",,,"0","1","21/9/2020 01:58:26","00ca450b-141b-45d2-b6cb-94d818165543",,,,,,"573c31998bc04a23a769f9a9eff67d00"
"2831f140de934c0fafc1188e2c387a8d","0","行政管理","8","XZGL,HZGL",,,"0","1","16/5/2020 17:04:43","admin","16/5/2020 17:06:10","admin",,,,"e0bfb7f7a3054e65949ca0f7c136d717"
"2835dcf61cf04a0e97bc4b117b08e3cb","0","哈尼族","哈尼族","HNZ",,,"0","1","24/10/2017 16:00:35",,,,,,,"b6cd65a763fa45eb9fe98e5057693e40"
"2876ae29ce5d4a41baa007f2977cfc85","0","默认角色","DefaultRole","MRJS",,,"0","1","27/10/2017 10:24:01",,"20/1/2018 14:55:11","admin",,,,"4501f6f26a384757bce12d4c4b03342c"
"287ac847ef2a4f4b9198300477e8c4d9","0","毛南族","毛南族","MNZ",,,"0","1","24/10/2017 16:00:36",,,,,,,"b6cd65a763fa45eb9fe98e5057693e40"
"28C182AE-BCD2-48DA-97FC-C45383A58C68","4d885793-2fbd-49ce-9b0e-aa709a71b2d0","农家乐/度假村","农家乐/度假村","NJYDJC,NJLDJC",,,"0","1","24/10/2017 16:00:36",,,,,,,"d59a3cf65f9847dbb08be449e3feae16"
"2a3fa24dcace4a7aafeddb3d8c0ec65a","0","个体户","5","GTH",,,"0","1","25/10/2017 14:36:21",,"26/10/2017 17:14:22",,,,,"9b542177a477488994ce09fff3c93901"
"2aa6c64c8875401fa2ab862e3ac6f0e2","0","鄂温克族","鄂温克族","EWKZ",,,"0","1","24/10/2017 16:00:36",,,,,,,"b6cd65a763fa45eb9fe98e5057693e40"
"2af8606d2e184e29a287b2774aa6d46a","0","季度结算","Quarterlyknot","JDJS",,,"0","1","10/7/2018 10:24:19","admin","10/7/2018 10:54:05","admin",,,,"1143c18426014419a35aa1fa97685c9c"
"2b4dc588eb8f4c83b4dc7d70deb317dc","0","报表","5","BB",,,"4","1","5/8/2020 15:23:19","00ca450b-141b-45d2-b6cb-94d818165543","22/1/2021 11:49:41","admin",,,,"e3ca5fe13c484a74bf0a4ea69eec1afd"
"2cd25306b6ed4fd4ad641c500d7205f9","02ad722fd1914c338d51597236ad2339","项目管理","2","XMGL",,,"2","1","6/11/2020 06:01:00","admin","6/11/2020 06:01:35","admin",,,,"02ad722fd1914c338d51597236ad2339"
"2d55ff7e76334ab383bc05a859578d88","42b0f46122b041d097f1fe4f2f637a03","功能流程","2","GNLC",,,"0","1","10/8/2020 18:59:22","00ca450b-141b-45d2-b6cb-94d818165543",,,,,,"42b0f46122b041d097f1fe4f2f637a03"
"2f978088acb4432593bf5a37257b19a2","c7e90b2ceaa647159490f7637f907290","文化传媒","文化传媒","WHZM,WHCM",,,"0","1","16/12/2019 17:54:55","admin","19/9/2020 10:19:56","00ca450b-141b-45d2-b6cb-94d818165543",,,,"c7e90b2ceaa647159490f7637f907290"
"2FD33FE4-D636-4BC0-8A66-984D71387428","27c38cf2-dc0a-4449-ab87-7eb68f7e425b","职业培训/企业管理","职业培训/企业管理","ZYPXQYGL",,,"0","1","24/10/2017 16:00:36",,,,,,,"d59a3cf65f9847dbb08be449e3feae16"
"2FE19FDC-6308-441D-A10A-C1B2E33FBE87","614ecab4-845f-4cbc-9ff7-a9968aca6eeb","电子/IC/集成电路","电子/IC/集成电路","DZJCDL",,,"0","1","24/10/2017 16:00:36",,,,,,,"d59a3cf65f9847dbb08be449e3feae16"
"3002b702b8b44e979087821c7b3f2c20","b1474890faaa47e1858ce7b593c8ffd7","销售管理","saleManage","XSGL",,,"0","1","21/9/2020 02:23:04","00ca450b-141b-45d2-b6cb-94d818165543",,,,,,"b1474890faaa47e1858ce7b593c8ffd7"
"30177502e07d479ca6825121716639d9","0","@wo","@wo.cn",,,"沃邮箱","0","1","30/11/2018 11:32:20","admin",,,,,,"55d7666d74df4bb4b36aed08a3a5bad1"
"30be5ef4e3074dd89385ad6b4540c63d","9c43287481364d348c0ea0d0f64b38be","默认","1","MR",,,"0","1","4/8/2020 14:45:15","00ca450b-141b-45d2-b6cb-94d818165543",,,,,,"9c43287481364d348c0ea0d0f64b38be"
"31a6e874c82045c9aa598508d58ea586","0","工勤岗位","3","GQGW",,"工勤岗位指承担技能操作和维护、后勤保障、服务等职责的工作岗位","0","1","26/10/2017 13:29:25",,"26/10/2017 17:14:36",,,,,"dae93f2fd7cd4df999d32f8750fa6a1e"
"3206B717-97FC-4249-8AAA-4743992C7538","c6edee1e-ae57-4b1e-84e5-4837e24978b8","行业组织","行业组织","XYZZ,HYZZ",,,"0","1","24/10/2017 16:00:36",,,,,,,"d59a3cf65f9847dbb08be449e3feae16"
"33311B5D-5566-4E8B-A367-5BB23D32553B","27d8cf5a-22e8-4e05-b4d6-5684a564418a","计算机硬件","计算机硬件","JSJYJ",,,"0","1","24/10/2017 16:00:36",,,,,,,"d59a3cf65f9847dbb08be449e3feae16"
"33859881-6714-470C-9CAC-F2B4C34FB0A9","44338471-6e77-4dd0-899d-ea0355c03277","中式美食","中式美食","ZSMS",,,"0","1","24/10/2017 16:00:36",,"29/5/2020 08:56:38","admin",,,,"d59a3cf65f9847dbb08be449e3feae16"
"33A0777B-51C0-4A71-B99F-2CBB081FF93F","44338471-6e77-4dd0-899d-ea0355c03277","小吃快餐","小吃快餐","XCKC",,,"0","1","24/10/2017 16:00:36",,,,,,,"d59a3cf65f9847dbb08be449e3feae16"
"33cf9894fe3f415086796946acde9a21","0","怒族","怒族","NZ",,,"0","1","24/10/2017 16:00:36",,,,,,,"b6cd65a763fa45eb9fe98e5057693e40"
"343165982f9d4cef80cc11f98c9b3b03","0","@188","@188.com",,,"财富邮","0","1","30/11/2018 11:34:53","admin",,,,,,"55d7666d74df4bb4b36aed08a3a5bad1"
"3547c4e289194e92854fec4cd84836b2","0","小学","1","XX","0",,"0","1","24/10/2017 16:00:35",,"5/8/2020 14:21:57","1a2b0254-8862-4525-ab4f-444df590b2b8",,,,"6a6d6fb541b742fbae7e8888528baa16"
"355f047f3e7540b8b55b168eec41ea5a","0","@139","@139.com",,,"中国移动","0","1","30/11/2018 11:19:56","admin","30/11/2018 11:33:48","admin",,,,"55d7666d74df4bb4b36aed08a3a5bad1"
"3676319f3e0b444e9f754a1691de696c","0","侗族","侗族","TZ,DZ",,,"0","1","24/10/2017 16:00:35",,,,,,,"b6cd65a763fa45eb9fe98e5057693e40"
"367dab9c9b6640c6b24b1ec94bfbdeea","0","大屏","6","DP",,,"5","1","5/8/2020 15:23:28","00ca450b-141b-45d2-b6cb-94d818165543","22/1/2021 11:49:48","admin",,,,"e3ca5fe13c484a74bf0a4ea69eec1afd"
"3722d977cbb54806abe2fed651547d01","0","月结","Monthlyknot","YJ",,,"0","1","10/7/2018 10:23:49","admin",,,,,,"1143c18426014419a35aa1fa97685c9c"
"37bf7db5a5c94dc6a3485ccccb1c6447","0","瑶族","瑶族","YZ",,,"0","1","24/10/2017 16:00:35",,,,,,,"b6cd65a763fa45eb9fe98e5057693e40"
"38B8C27D-7AEF-4B30-95A6-7B3472E12F99","7d7dd051-6e57-499b-ac88-c019d7c663da","医疗/护理/卫生","医疗/护理/卫生","YLHLWS",,,"0","1","24/10/2017 16:00:36",,,,,,,"d59a3cf65f9847dbb08be449e3feae16"
"38ca86c845244584ba8c77565d695eb7","4173579c31e74a2b8749e65a23e5c957","行政管理","administrationManage","XZGL",,,"0","1","21/9/2020 01:59:39","00ca450b-141b-45d2-b6cb-94d818165543",,,,,,"4173579c31e74a2b8749e65a23e5c957"
"39AEC832-D76F-4635-AF3C-1F249C22010B","8e63a940-4e88-461f-b80d-fd3db065bfef","宠物","宠物","CW",,,"0","1","24/10/2017 16:00:36",,,,,,,"d59a3cf65f9847dbb08be449e3feae16"
"3b6c150a092e44bda357cfb1a0d51461","0","水族","水族","SZ",,,"0","1","24/10/2017 16:00:36",,,,,,,"b6cd65a763fa45eb9fe98e5057693e40"
"3d1f4cf346524fdcbdee0b523b006eae","0","@yeah","@yeah.net",,,"网易免费邮箱","0","1","30/11/2018 11:24:10","admin",,,,,,"55d7666d74df4bb4b36aed08a3a5bad1"
"3d25701d11764ed6b6b81e163b767e96","037ba904515348eaad1c4bd462fc80a6","人事管理","personnelManage","RSGL",,,"0","1","21/9/2020 02:02:43","00ca450b-141b-45d2-b6cb-94d818165543",,,,,,"037ba904515348eaad1c4bd462fc80a6"
"3eb5283bd3d544459f94acb7c36971e3","65e7917344fa460e8c487e45bbbab26f","默认","1","MR",,,"0","1","4/8/2020 14:46:24","00ca450b-141b-45d2-b6cb-94d818165543",,,,,,"65e7917344fa460e8c487e45bbbab26f"
"3f626c31a97b48a7934603665ab22533","0","一年结算","Oneyear'sknot","YNJS",,,"0","1","10/7/2018 10:25:32","admin","10/7/2018 10:54:21","admin",,,,"1143c18426014419a35aa1fa97685c9c"
"3F9F5BF6-99B8-4342-933A-5A36528D9A3D","4d885793-2fbd-49ce-9b0e-aa709a71b2d0","户外/拓展","户外/拓展","HWTZ",,,"0","1","24/10/2017 16:00:36",,,,,,,"d59a3cf65f9847dbb08be449e3feae16"
"40472c04faa9498bba7b4e11851cf6df","0","彝族","彝族","YZ",,,"0","1","24/10/2017 16:00:35",,,,,,,"b6cd65a763fa45eb9fe98e5057693e40"
"4307b5cd9b7545faac4f927bd091e48f","7866376d5f694d4d851c7164bd00ebfc","台胞证","6","TBZ",,,"0","1","8/8/2020 15:34:47","00ca450b-141b-45d2-b6cb-94d818165543",,,,,,"7866376d5f694d4d851c7164bd00ebfc"
"43347e3055f2498d83e7201be5a243f8","0","门巴族","门巴族","MBZ",,,"0","1","24/10/2017 16:00:36",,,,,,,"b6cd65a763fa45eb9fe98e5057693e40"
"43495503d3404a7d95d46c31a0926298","0","资产管理","9","ZCGL",,,"0","1","16/5/2020 17:04:50","admin","16/5/2020 17:06:15","admin",,,,"e0bfb7f7a3054e65949ca0f7c136d717"
"43f84fba72c14c9ea27a126d2c885fac","b1474890faaa47e1858ce7b593c8ffd7","日常工作","routine","RCGZ",,,"0","1","21/9/2020 02:22:33","00ca450b-141b-45d2-b6cb-94d818165543",,,,,,"b1474890faaa47e1858ce7b593c8ffd7"
"44338471-6e77-4dd0-899d-ea0355c03277","0","美食餐饮","美食餐饮","MSCY",,,"0","1","24/10/2017 16:00:36",,,,,,,"d59a3cf65f9847dbb08be449e3feae16"
"449a4fbe9f274e2d89e4b54b2db61237","02ad722fd1914c338d51597236ad2339","集团门户","1","JTMH",,,"1","1","6/11/2020 05:58:28","admin","6/11/2020 06:01:18","admin",,,,"02ad722fd1914c338d51597236ad2339"
"44D8F7B7-3BD7-4C0E-B694-0191E49568E8","c6edee1e-ae57-4b1e-84e5-4837e24978b8","非赢利性组织","非赢利性组织","FYLXZZ",,,"0","1","24/10/2017 16:00:36",,,,,,,"d59a3cf65f9847dbb08be449e3feae16"
"460494d45135470098d86ec750ac3eb9","0","线上注册","线上注册","XSZC",,,"0","1","16/12/2019 17:52:37","admin",,,,,,"c9f32bb4eef748998ed57280fe100fb7"
"4761028a4baa4b27a20bcc6371a7908f","573c31998bc04a23a769f9a9eff67d00","费用相关","costRelated","FYXG",,,"0","1","21/9/2020 01:57:29","00ca450b-141b-45d2-b6cb-94d818165543",,,,,,"573c31998bc04a23a769f9a9eff67d00"
"48EA619A-6B6C-4185-9C9E-67A0AE4D15CF","44338471-6e77-4dd0-899d-ea0355c03277","甜品饮品","甜品饮品","TPYP",,,"0","1","24/10/2017 16:00:36",,,,,,,"d59a3cf65f9847dbb08be449e3feae16"
"49d97d47a68e4787b8e46ae41fc2e9fa","0","高山族","高山族","GSZ",,,"0","1","24/10/2017 16:00:36",,,,,,,"b6cd65a763fa45eb9fe98e5057693e40"
"49edcc083777443b92fe87bc4fa7b7e6","7866376d5f694d4d851c7164bd00ebfc","军人证","4","JRZ",,,"0","1","8/8/2020 15:34:05","00ca450b-141b-45d2-b6cb-94d818165543",,,,,,"7866376d5f694d4d851c7164bd00ebfc"
"4a2edd85a2fb4ddc900d007b63184ac9","4173579c31e74a2b8749e65a23e5c957","人事管理","personnelManage","RSGL",,,"0","1","21/9/2020 01:58:48","00ca450b-141b-45d2-b6cb-94d818165543",,,,,,"4173579c31e74a2b8749e65a23e5c957"
"4A2F85F0-C2CD-4F90-83CF-06ABD9A1975C","614ecab4-845f-4cbc-9ff7-a9968aca6eeb","工程机械/行业设备/仪器仪表","工程机械/行业设备/仪器仪表","GCJXXYSBYQYB,GCJXHYSBYQYB",,,"0","1","24/10/2017 16:00:36",,,,,,,"d59a3cf65f9847dbb08be449e3feae16"
"4a6910aae94e47a989eec9f65992d486","0","页面","2","YM",,,"1","1","5/8/2020 15:22:49","00ca450b-141b-45d2-b6cb-94d818165543","22/1/2021 11:48:59","admin",,,,"e3ca5fe13c484a74bf0a4ea69eec1afd"
"4B00983C-2994-446C-9D4D-8C7D20624D0A","8e63a940-4e88-461f-b80d-fd3db065bfef","婚庆摄影","婚庆摄影","HQSY",,,"0","1","24/10/2017 16:00:36",,,,,,,"d59a3cf65f9847dbb08be449e3feae16"
"4b33cdb3fda840e5998bc283e3bc37b5","0","现金支付","Cashpayment","XJZF",,,"0","1","10/7/2018 10:26:37","admin",,,,,,"1143c18426014419a35aa1fa97685c9c"
"4bf7ece67371421db99dec76fe652dfb","4173579c31e74a2b8749e65a23e5c957","公文管理","documentManage","GWGL",,,"0","1","21/9/2020 01:59:19","00ca450b-141b-45d2-b6cb-94d818165543",,,,,,"4173579c31e74a2b8749e65a23e5c957"
"4c3919cc34a342f8bf92e8bc4e7e1756","765929a127f44a5b80e773d65d58f96c","人事管理","personnelManage","RSGL",,,"0","1","21/9/2020 01:54:38","00ca450b-141b-45d2-b6cb-94d818165543",,,,,,"765929a127f44a5b80e773d65d58f96c"
"4d3328b99ca54c2fbceeb3fa02c8ae35","0","@126","@126.com",,,,"0","1","30/11/2018 11:25:55","admin",,,,,,"55d7666d74df4bb4b36aed08a3a5bad1"
"4d885793-2fbd-49ce-9b0e-aa709a71b2d0","0","旅游/出行","旅游/出行","LYCX,LYCH",,,"0","1","24/10/2017 16:00:36",,,,,,,"d59a3cf65f9847dbb08be449e3feae16"
"4e25539385ac4dae9f69232565faf101","c7e90b2ceaa647159490f7637f907290","金融业","金融业","JRY",,,"0","1","16/12/2019 17:54:15","admin","19/9/2020 10:20:37","00ca450b-141b-45d2-b6cb-94d818165543",,,,"c7e90b2ceaa647159490f7637f907290"
"4e60b3aa59c44e6f92aff4518f9e1afe","b1474890faaa47e1858ce7b593c8ffd7","默认","1","MRFL",,,"0","1","4/8/2020 14:41:32","00ca450b-141b-45d2-b6cb-94d818165543","4/8/2020 16:39:40","00ca450b-141b-45d2-b6cb-94d818165543",,,,"b1474890faaa47e1858ce7b593c8ffd7"
"4EF041F9-A5DA-4120-AC7C-95468EACBF1F","f2acc9ef-ce0d-4ef1-a17e-c0cc32c7e678","食品饮料","食品饮料","SPYL",,,"0","1","24/10/2017 16:00:36",,,,,,,"d59a3cf65f9847dbb08be449e3feae16"
"527a34ae81984a1981d7158a22adcbdb","765929a127f44a5b80e773d65d58f96c","CRM应用","crm","CRMYY",,,"0","1","21/9/2020 01:57:01","00ca450b-141b-45d2-b6cb-94d818165543",,,,,,"765929a127f44a5b80e773d65d58f96c"
"52D968DF-1B38-4FE4-AC9E-D9958A9D3DD8","27d8cf5a-22e8-4e05-b4d6-5684a564418a","网络游戏","网络游戏","WLYX,WLYH",,,"0","1","24/10/2017 16:00:36",,,,,,,"d59a3cf65f9847dbb08be449e3feae16"
"531fc6f823214c46b5348002690580be","0","@tom","@tom.com",,,,"0","1","30/11/2018 11:31:03","admin",,,,,,"55d7666d74df4bb4b36aed08a3a5bad1"
"53e1f6f5a97a47539deefd511a1f820a","1cff2b60fd7a4c9f82273163b956268c","费用相关","costRelated","FYXG",,,"0","1","21/9/2020 02:00:47","00ca450b-141b-45d2-b6cb-94d818165543",,,,,,"1cff2b60fd7a4c9f82273163b956268c"
"53e35ca9ae4b4a2a9e6eb7be5397b9f5","1cff2b60fd7a4c9f82273163b956268c","销售管理","saleManage","XSGL",,,"0","1","21/9/2020 02:02:00","00ca450b-141b-45d2-b6cb-94d818165543",,,,,,"1cff2b60fd7a4c9f82273163b956268c"
"548323F5-70A1-4979-9EE7-F30642B0821D","0fcc751d-9ceb-4767-8755-f0189b239468","房屋中介","房屋中介","FWZJ",,,"0","1","24/10/2017 16:00:36",,,,,,,"d59a3cf65f9847dbb08be449e3feae16"
"548fc264a3974f73818bf1662ea139aa","573c31998bc04a23a769f9a9eff67d00","公文管理","documentManage","GWGL",,,"0","1","21/9/2020 01:57:55","00ca450b-141b-45d2-b6cb-94d818165543",,,,,,"573c31998bc04a23a769f9a9eff67d00"
"54bad287aa084f81b40c6bc35c7f2545","0","汉族","汉族","HZ",,,"0","1","24/10/2017 16:00:35",,,,,,,"b6cd65a763fa45eb9fe98e5057693e40"
"5502f4f4573646c286313b9328efde6a","b1474890faaa47e1858ce7b593c8ffd7","CRM应用","crm","CRMYY",,,"0","1","21/9/2020 02:23:30","00ca450b-141b-45d2-b6cb-94d818165543",,,,,,"b1474890faaa47e1858ce7b593c8ffd7"
"5509d55ae8ee43bc8c25ad93eef90d98","0","回族","回族","HZ",,,"0","1","24/10/2017 16:00:35",,,,,,,"b6cd65a763fa45eb9fe98e5057693e40"
"588b2b6c0fa349a79992d011c7c47a62","0","苗族","苗族","MZ",,,"0","1","24/10/2017 16:00:35",,,,,,,"b6cd65a763fa45eb9fe98e5057693e40"
"58ff6fee60284b598296fd92bf56a7d0","0","销售管理","7","XSGL",,,"0","1","16/5/2020 17:04:33","admin","16/5/2020 17:06:05","admin",,,,"e0bfb7f7a3054e65949ca0f7c136d717"
"5996617D-23EC-4691-B119-C3270ED1645F","27d8cf5a-22e8-4e05-b4d6-5684a564418a","互联网服务","互联网服务","HLWFW",,,"0","1","24/10/2017 16:00:36",,,,,,,"d59a3cf65f9847dbb08be449e3feae16"
"59B7E4C7-B888-4DA1-8A68-E23F0E25E5C3","d9b969ed-9122-4861-9035-c631acf99378","咖啡厅/茶馆","咖啡厅/茶馆","KFTCG,GFTCG",,,"0","1","24/10/2017 16:00:36",,,,,,,"d59a3cf65f9847dbb08be449e3feae16"
"5ad73824ec844c9683c0bf0d78b6bf6a","7866376d5f694d4d851c7164bd00ebfc","港澳身份证","5","GATXZ",,,"0","1","8/8/2020 15:34:30","00ca450b-141b-45d2-b6cb-94d818165543","11/8/2020 11:48:10","00ca450b-141b-45d2-b6cb-94d818165543",,,,"7866376d5f694d4d851c7164bd00ebfc"
"5b6759fbcd9247f4b00a1cafb8e39c1b","0","仫佬族","仫佬族","MLZ",,,"0","1","24/10/2017 16:00:36",,,,,,,"b6cd65a763fa45eb9fe98e5057693e40"
"5bf517bb-f45b-491b-93c0-25849ffa0a5c","0","金融/保险","金融/保险","JRBX",,,"0","1","24/10/2017 16:00:36",,,,,,,"d59a3cf65f9847dbb08be449e3feae16"
"5BFA882E-B4DB-43D5-9950-1AAAB021F0BA","27d8cf5a-22e8-4e05-b4d6-5684a564418a","点卡/虚拟币","点卡/虚拟币","DQXNB,DKXNB",,,"0","1","24/10/2017 16:00:36",,,,,,,"d59a3cf65f9847dbb08be449e3feae16"
"5D1066AB-F366-42D0-B5BB-4BDB86738C3F","75f1eb60-1258-4747-bfbc-ac66c1724b49","公关/市场推广","公关/市场推广","GGSCTG,GGSCTA",,,"0","1","24/10/2017 16:00:36",,,,,,,"d59a3cf65f9847dbb08be449e3feae16"
"5d8a4b5bd2a64a3e9e66f3c756efd5ef","7e8127d8a4114ce08468c912696f1500","扩展","extend","KZMK",,,"0","1","25/8/2020 01:34:51","00ca450b-141b-45d2-b6cb-94d818165543","25/8/2020 01:36:03","00ca450b-141b-45d2-b6cb-94d818165543",,,,"7e8127d8a4114ce08468c912696f1500"
"5e3d5074fb65412aa297861b63eda463","037ba904515348eaad1c4bd462fc80a6","日常工作","routine","RCGZ",,,"0","1","21/9/2020 02:02:59","00ca450b-141b-45d2-b6cb-94d818165543",,,,,,"037ba904515348eaad1c4bd462fc80a6"
"5E43C907-A735-45AD-81E4-DA078F49D27C","c6edee1e-ae57-4b1e-84e5-4837e24978b8","公共事业","公共事业","GGSY",,,"0","1","24/10/2017 16:00:36",,,,,,,"d59a3cf65f9847dbb08be449e3feae16"
"5E51C077-025C-40CC-84D3-40DD426AD19B","614ecab4-845f-4cbc-9ff7-a9968aca6eeb","能源/电力/水利","能源/电力/水利","NYDLSL",,,"0","1","24/10/2017 16:00:36",,,,,,,"d59a3cf65f9847dbb08be449e3feae16"
"614ecab4-845f-4cbc-9ff7-a9968aca6eeb","0","工业/工业品","工业/工业品","GYGYP",,,"0","1","24/10/2017 16:00:36",,,,,,,"d59a3cf65f9847dbb08be449e3feae16"
"619A02B0-1FC7-4899-9E35-21179AD897B3","926023bb-0b74-4bca-8d67-5d7657d0bca7","新闻媒体/报刊杂志","新闻媒体/报刊杂志","XWMTBKZZ",,,"0","1","24/10/2017 16:00:36",,,,,,,"d59a3cf65f9847dbb08be449e3feae16"
"61d27ffb3814412da1aca6db26b83f2a","0","项目管理","6","XMGL",,,"0","1","16/5/2020 17:04:26","admin","16/5/2020 17:06:02","admin",,,,"e0bfb7f7a3054e65949ca0f7c136d717"
"61fe8b6156a743d685d0509226e7a70b","0","满族","满族","MZ",,,"0","1","24/10/2017 16:00:35",,,,,,,"b6cd65a763fa45eb9fe98e5057693e40"
"63098e7544f14661b0c115d86ddcd8a3","76da95221f894466b7b3dec327b98c8b","系统首页","Home","XTSY",,,"0","1","11/8/2020 17:21:39","00ca450b-141b-45d2-b6cb-94d818165543","18/8/2020 17:37:11","admin",,,,"76da95221f894466b7b3dec327b98c8b"
"63e3e64eebfa41e1b900f391de942d11","7e8127d8a4114ce08468c912696f1500","系统","system","XTMK",,,"0","1","25/8/2020 01:34:28","00ca450b-141b-45d2-b6cb-94d818165543","25/8/2020 01:35:58","00ca450b-141b-45d2-b6cb-94d818165543",,,,"7e8127d8a4114ce08468c912696f1500"
"6410a712cd144e2c8ce5e0f153d88c0d","0","高中","3","GZ",,,"0","1","24/10/2017 16:00:35",,"26/10/2017 17:12:45",,,,,"6a6d6fb541b742fbae7e8888528baa16"
"6454738D-DCDF-4A3F-AA4A-4E88AE3C04BB","75f1eb60-1258-4747-bfbc-ac66c1724b49","加盟招商","加盟招商","JMZS",,,"0","1","24/10/2017 16:00:36",,,,,,,"d59a3cf65f9847dbb08be449e3feae16"
"65704bad82ac4984bb93968333393590","0","拉祜族","拉祜族","LHZ",,,"0","1","24/10/2017 16:00:35",,,,,,,"b6cd65a763fa45eb9fe98e5057693e40"
"66fe49eb250c4f1e822685c9ef520cf8","237446e245ce403d8062995ea33711cf","等于","1","DY",,,"0","1","24/10/2017 16:00:36",,"5/8/2020 14:05:15","00ca450b-141b-45d2-b6cb-94d818165543",,,,"237446e245ce403d8062995ea33711cf"
"6704c7aed0bd4c7fba91e830dd7c5ffc","3e2d33e54d554b4b8a33fc41b93f8a2d","IT费用","3","ITFY",,,"3","1","31/10/2020 01:56:59","admin","20/1/2021 11:59:51","admin",,,,"3e2d33e54d554b4b8a33fc41b93f8a2d"
"689DCC5B-5CCC-402F-8054-83D1EE93BE7B","75f1eb60-1258-4747-bfbc-ac66c1724b49","工商注册/代理代办","工商注册/代理代办","GSZCDLDB",,,"0","1","24/10/2017 16:00:36",,,,,,,"d59a3cf65f9847dbb08be449e3feae16"
"68A6864E-D2D5-4547-AF89-374E511ECB5F","1b82cfae-98f1-4b54-a3ae-1d1c6ad3f3f6","固话/宽带","固话/宽带","GHKD",,,"0","1","24/10/2017 16:00:36",,,,,,,"d59a3cf65f9847dbb08be449e3feae16"
"68fdb171f5cc4dc5adc28082a7dd8f56","42b0f46122b041d097f1fe4f2f637a03","发起流程","1","FQLC",,,"0","1","10/8/2020 18:59:03","00ca450b-141b-45d2-b6cb-94d818165543",,,,,,"42b0f46122b041d097f1fe4f2f637a03"
"696babc2ceaf4f5bae3705e2b7e6dee9","0","基诺族","基诺族","JNZ",,,"0","1","24/10/2017 16:00:36",,,,,,,"b6cd65a763fa45eb9fe98e5057693e40"
"6ae95571b4964f4b82eefc1743d12a52","65e7917344fa460e8c487e45bbbab26f","公文管理","documentManage","GWGL",,,"0","1","21/9/2020 02:21:10","00ca450b-141b-45d2-b6cb-94d818165543",,,,,,"65e7917344fa460e8c487e45bbbab26f"
"6af22c4cd01f4241a6fccccb2af561ad","4173579c31e74a2b8749e65a23e5c957","CRM应用","crm","CRMYY",,,"0","1","21/9/2020 02:00:16","00ca450b-141b-45d2-b6cb-94d818165543",,,,,,"4173579c31e74a2b8749e65a23e5c957"
"6b485ce9e4ee4790812b7c010ddf5d7e","3e2d33e54d554b4b8a33fc41b93f8a2d","安全费用","4","AQFY",,,"4","1","31/10/2020 01:57:14","admin","20/1/2021 12:00:02","admin",,,,"3e2d33e54d554b4b8a33fc41b93f8a2d"
"6c948043dd974e538fd491ac5c933a80","b1474890faaa47e1858ce7b593c8ffd7","费用相关","costRelated","FYXG",,,"0","1","21/9/2020 02:22:25","00ca450b-141b-45d2-b6cb-94d818165543",,,,,,"b1474890faaa47e1858ce7b593c8ffd7"
"6dfca8eb2b734a72adc82a29e2cc41f4","037ba904515348eaad1c4bd462fc80a6","行政管理","administrationManage","XZGL",,,"0","1","21/9/2020 02:03:33","00ca450b-141b-45d2-b6cb-94d818165543",,,,,,"037ba904515348eaad1c4bd462fc80a6"
"6e72a28ad00b4698b6d58dead6e0b277","0","小于等于","5","XYDY",,,"0","1","24/10/2017 16:00:36",,"26/10/2017 17:17:41",,,,,"237446e245ce403d8062995ea33711cf"
"6f408478f4e84521b5529ff4cd03c26c","0","@263","@263.net",,,"企业邮箱","0","1","30/11/2018 11:27:44","admin",,,,,,"55d7666d74df4bb4b36aed08a3a5bad1"
"6f817b0eb3ef480ea33b38f57159164f","0","普通客户","普通客户","PTKH",,,"0","1","16/12/2019 17:55:50","admin","28/12/2019 15:14:19","admin",,,,"87b9d6e3c2dc4c71a06ff6844e92c292"
"6FEB335E-C083-41B7-B094-69A5C837EE7E","8e63a940-4e88-461f-b80d-fd3db065bfef","洗衣房","洗衣房","XYF",,,"0","1","24/10/2017 16:00:36",,,,,,,"d59a3cf65f9847dbb08be449e3feae16"
"71d994f0bc344c31b3711a6fa68d4ee6","0","服务支持","3","FWZC",,,"0","1","16/5/2020 17:03:24","admin","16/5/2020 17:05:39","admin",,,,"e0bfb7f7a3054e65949ca0f7c136d717"
"7230750d07b94aac8a1febec7dd5cd05","573c31998bc04a23a769f9a9eff67d00","行政管理","administrationManage","XZGL",,,"0","1","21/9/2020 01:58:14","00ca450b-141b-45d2-b6cb-94d818165543",,,,,,"573c31998bc04a23a769f9a9eff67d00"
"72edc1a7525248d1b8f8fc2725b62765","0","展会资源","展会资源","ZKZY,ZHZY",,,"0","1","16/12/2019 17:53:05","admin",,,,,,"c9f32bb4eef748998ed57280fe100fb7"
"730ffc46716345c8aa2765840c3cbda8","573c31998bc04a23a769f9a9eff67d00","CRM应用","crm","CRMYY",,,"0","1","21/9/2020 01:58:36","00ca450b-141b-45d2-b6cb-94d818165543",,,,,,"573c31998bc04a23a769f9a9eff67d00"
"74E80DA6-85AA-4595-9A4A-DEAFA4B78EBA","b5dc651f-1125-4c6c-8114-24e2ef85ed73","美容/护理","美容/护理","MRHL",,,"0","1","24/10/2017 16:00:36",,,,,,,"d59a3cf65f9847dbb08be449e3feae16"
"7501989f1ba94623b44159c9d630858a","0","维吾尔族","维吾尔族","WWEZ",,,"0","1","24/10/2017 16:00:35",,,,,,,"b6cd65a763fa45eb9fe98e5057693e40"
"7584cef8439241a6a06121f655225715","0","保安族","保安族","BAZ",,,"0","1","24/10/2017 16:00:36",,,,,,,"b6cd65a763fa45eb9fe98e5057693e40"
"7592795B-5241-4ADA-8A1F-22192DF432CF","926023bb-0b74-4bca-8d67-5d7657d0bca7","文化/广电/影视","文化/广电/影视","WHGDYS,WHADYS",,,"0","1","24/10/2017 16:00:36",,,,,,,"d59a3cf65f9847dbb08be449e3feae16"
"75f1eb60-1258-4747-bfbc-ac66c1724b49","0","商业服务","商业服务","SYFW",,,"0","1","24/10/2017 16:00:36",,,,,,,"d59a3cf65f9847dbb08be449e3feae16"
"76A68CC8-7C7C-4E5A-8270-2C937CF5207D","75f1eb60-1258-4747-bfbc-ac66c1724b49","会展服务","会展服务","KZFW,HZFW",,,"0","1","24/10/2017 16:00:36",,,,,,,"d59a3cf65f9847dbb08be449e3feae16"
"780dc4f559584246bb518f4e1d1abbd3","0","个人资源","个人资源","GRZY",,,"0","1","16/12/2019 17:53:10","admin",,,,,,"c9f32bb4eef748998ed57280fe100fb7"
"7a35330c6df54467bdae7f9f1cafe80d","7866376d5f694d4d851c7164bd00ebfc","其他","7","QT",,,"0","1","8/8/2020 15:35:05","00ca450b-141b-45d2-b6cb-94d818165543",,,,,,"7866376d5f694d4d851c7164bd00ebfc"
"7a4efb0cc3eb4afabf0c00990193ecd6","0","业务角色","ApplicationRole","YWJS",,,"0","1","27/10/2017 10:23:49",,"27/10/2017 10:24:06",,,,,"4501f6f26a384757bce12d4c4b03342c"
"7A5CCD49-9C2E-45D4-A400-CC55874BD591","8e63a940-4e88-461f-b80d-fd3db065bfef","鲜花速递","鲜花速递","XHSD",,,"0","1","24/10/2017 16:00:36",,,,,,,"d59a3cf65f9847dbb08be449e3feae16"
"7b605786d4b341199ffef35a7f443c54","4173579c31e74a2b8749e65a23e5c957","销售管理","saleManage","XSGL",,,"0","1","21/9/2020 01:59:28","00ca450b-141b-45d2-b6cb-94d818165543",,,,,,"4173579c31e74a2b8749e65a23e5c957"
"7b8bd3d6fde74402b7b7fee048d9fc93","0","@yahoo","@yahoo.com",,,"雅虎邮箱 ","0","1","30/11/2018 11:39:11","admin",,,,,,"55d7666d74df4bb4b36aed08a3a5bad1"
"7befdd0b52094700a029379f7f464c5d","3e2d33e54d554b4b8a33fc41b93f8a2d","市场费用","6","SCFY",,,"0","1","31/10/2020 01:57:57","admin",,,,,,"3e2d33e54d554b4b8a33fc41b93f8a2d"
"7c3719226af749a598ee7372b1c67ee9","0","公司资源","公司资源","GSZY",,,"0","1","16/12/2019 17:52:59","admin",,,,,,"c9f32bb4eef748998ed57280fe100fb7"
"7c7d4ae2-455c-439b-b8a8-eb484014aa75","0","汽车/汽配/租赁","汽车/汽配/租赁","QJQPZL,QCQPZL",,,"0","1","24/10/2017 16:00:36",,,,,,,"d59a3cf65f9847dbb08be449e3feae16"
"7d7dd051-6e57-499b-ac88-c019d7c663da","0","医疗/整形整容","医疗/整形整容","YLZXZR",,,"0","1","24/10/2017 16:00:36",,,,,,,"d59a3cf65f9847dbb08be449e3feae16"
"7dfaa025d5b949268082bfec2b4be2c8","0","@189","@189.cn",,,"天翼","0","1","30/11/2018 11:20:13","admin","30/11/2018 11:33:21","admin",,,,"55d7666d74df4bb4b36aed08a3a5bad1"
"7eee315f771a4282838e168603315eb1","0","塔塔尔族","塔塔尔族","TTEZ,TDEZ,DTEZ,DDEZ",,,"0","1","24/10/2017 16:00:36",,,,,,,"b6cd65a763fa45eb9fe98e5057693e40"
"802fb04ab5b84aa5bcc5dc53372a271d","0","费用相关","costRelated","FYXG",,,"0","1","25/6/2018 10:29:12","admin","25/6/2018 10:49:22","admin",,,,"507f4f5df86b47588138f321e0b0dac7"
"803a14a1ba33425da9d3141ffee7f203","0","柯尔克孜族","柯尔克孜族","KEKZZ",,,"0","1","24/10/2017 16:00:36",,,,,,,"b6cd65a763fa45eb9fe98e5057693e40"
"81499648-7139-4C49-8E73-E68085B07524","1b82cfae-98f1-4b54-a3ae-1d1c6ad3f3f6","话费充值","话费充值","HFCZ",,,"0","1","24/10/2017 16:00:36",,,,,,,"d59a3cf65f9847dbb08be449e3feae16"
"828eaef66cb14adda9c5c1997dd7bbe2","0","藏族","藏族","ZZ,CZ",,,"0","1","24/10/2017 16:00:35",,,,,,,"b6cd65a763fa45eb9fe98e5057693e40"
"82d9060f011a42dd8488a9feaaef376e","0","集体企业","3","JTQY",,,"0","1","25/10/2017 14:34:51",,"26/10/2017 17:14:14",,,,,"9b542177a477488994ce09fff3c93901"
"84158383-A0D0-45B5-ADF4-8C7AC1A6E042","fc4a08ce-9804-4cb1-a4c6-9440ca614b5d","奢侈品/收藏品","奢侈品/收藏品","SCPSZP,SCPSCP",,,"0","1","24/10/2017 16:00:36",,,,,,,"d59a3cf65f9847dbb08be449e3feae16"
"84992f0eab4742ea81a541e2e8789cab","0","仡佬族","仡佬族","YLZ,GLZ",,,"0","1","24/10/2017 16:00:35",,,,,,,"b6cd65a763fa45eb9fe98e5057693e40"
"84ff10b322d74ac3a653e3176724f909","963255a34ea64a2584c5d1ba269c1fe6","男","1","N",,,"0","1","15/8/2020 03:11:35","00ca450b-141b-45d2-b6cb-94d818165543",,,,,,"963255a34ea64a2584c5d1ba269c1fe6"
"8574248ac12444cc99e0416153b4754c","1cff2b60fd7a4c9f82273163b956268c","CRM应用","crm","CRMYY",,,"0","1","21/9/2020 02:02:31","00ca450b-141b-45d2-b6cb-94d818165543",,,,,,"1cff2b60fd7a4c9f82273163b956268c"
"85D701EB-9B95-42CC-99D0-C0026DB5EF4B","4d885793-2fbd-49ce-9b0e-aa709a71b2d0","旅行社","旅行社","LXS,LHS",,,"0","1","24/10/2017 16:00:36",,,,,,,"d59a3cf65f9847dbb08be449e3feae16"
"85F898D1-D467-4DAF-8846-A3307A2EEA53","75f1eb60-1258-4747-bfbc-ac66c1724b49","印刷/包装/平面设计","印刷/包装/平面设计","YSBZPMSJ",,,"0","1","24/10/2017 16:00:36",,,,,,,"d59a3cf65f9847dbb08be449e3feae16"
"86f44dce0ebc4b0987b1678d7dae12e6","037ba904515348eaad1c4bd462fc80a6","销售管理","saleManage","XSGL",,,"0","1","21/9/2020 02:03:25","00ca450b-141b-45d2-b6cb-94d818165543",,,,,,"037ba904515348eaad1c4bd462fc80a6"
"88561e70ac6e465290d43512bee10ef4","0","重点客户","重点客户","ZDKH,CDKH",,,"0","1","16/12/2019 17:55:44","admin","28/12/2019 15:14:14","admin",,,,"87b9d6e3c2dc4c71a06ff6844e92c292"
"895BF6CB-479D-4A3C-9FDE-06CDEA600464","44338471-6e77-4dd0-899d-ea0355c03277","西餐/日韩料理/异国美食","西餐/日韩料理/异国美食","XCRHLLYGMS",,,"0","1","24/10/2017 16:00:36",,,,,,,"d59a3cf65f9847dbb08be449e3feae16"
"8a7aff7d0c2f47be95049f682b631c99","02ad722fd1914c338d51597236ad2339","工程门户","5","GCMH",,,"5","1","6/11/2020 06:02:34","admin",,,,,,"02ad722fd1914c338d51597236ad2339"
"8a9f47d9f51e454fb36fce55fb7a63a6","0","独龙族","独龙族","DLZ",,,"0","1","24/10/2017 16:00:36",,,,,,,"b6cd65a763fa45eb9fe98e5057693e40"
"8CFC9EED-68FD-46B8-B67B-58AEFD9F45AB","fc4a08ce-9804-4cb1-a4c6-9440ca614b5d","电信增值业务","电信增值业务","DXZZYW",,,"0","1","24/10/2017 16:00:36",,,,,,,"d59a3cf65f9847dbb08be449e3feae16"
"8e63a940-4e88-461f-b80d-fd3db065bfef","0","生活服务","生活服务","SHFW",,,"0","1","24/10/2017 16:00:36",,,,,,,"d59a3cf65f9847dbb08be449e3feae16"
"8eea678c942145f99d7878ace0d8657e","0","初中","2","CZ",,,"0","1","24/10/2017 16:00:35",,"26/10/2017 17:12:41",,,,,"6a6d6fb541b742fbae7e8888528baa16"
"8f4875ed87d44df5932bf00171e0514c","70f970e14fee4879802b63122511032b","系统表单","1","XTBD",,,"0","1","10/8/2020 18:11:24","00ca450b-141b-45d2-b6cb-94d818165543",,,,,,"70f970e14fee4879802b63122511032b"
"8f65bbe3bce341c8b3625d93544a044a","0","仓库管理","warehouseManagement","CKGL",,,"0","1","12/7/2018 11:23:58","admin",,,,,,"507f4f5df86b47588138f321e0b0dac7"
"907cbdba92344967a148a374528dee75","0","羌族","羌族","QZ",,,"0","1","24/10/2017 16:00:36",,,,,,,"b6cd65a763fa45eb9fe98e5057693e40"
"908f94c264a64c31a1fecccb811179c6","0","佤族","佤族","WZ",,,"0","1","24/10/2017 16:00:36",,,,,,,"b6cd65a763fa45eb9fe98e5057693e40"
"90F0F95F-007B-400D-8146-92665AC3B515","8e63a940-4e88-461f-b80d-fd3db065bfef","搬家/搬运","搬家/搬运","BJBY",,,"0","1","24/10/2017 16:00:36",,,,,,,"d59a3cf65f9847dbb08be449e3feae16"
"926023bb-0b74-4bca-8d67-5d7657d0bca7","0","媒体/广告/出版","媒体/广告/出版","MTGGCB,MTAGCB",,,"0","1","24/10/2017 16:00:36",,,,,,,"d59a3cf65f9847dbb08be449e3feae16"
"92ff480a4ca04dbe954bf67018fd29bd","c7e90b2ceaa647159490f7637f907290","IT/通信/电子/互联网","IT/通信/电子/互联网","TXDZHLW",,,"0","1","16/12/2019 17:54:07","admin","19/9/2020 10:20:43","00ca450b-141b-45d2-b6cb-94d818165543",,,,"c7e90b2ceaa647159490f7637f907290"
"93667ec1069c492082fb60dde3ce8d1c","0","白族","白族","BZ",,,"0","1","24/10/2017 16:00:35",,,,,,,"b6cd65a763fa45eb9fe98e5057693e40"
"93b466da9d0448e596ad1489fc6657ab","765929a127f44a5b80e773d65d58f96c","合同管理","contractManage","HTGL",,,"0","1","21/9/2020 01:55:52","00ca450b-141b-45d2-b6cb-94d818165543",,,,,,"765929a127f44a5b80e773d65d58f96c"
"93d0b9bc44a44eef94dbbe6a11dc15c5","e3ca5fe13c484a74bf0a4ea69eec1afd","目录","1","ML",,,"0","1","5/8/2020 15:22:39","00ca450b-141b-45d2-b6cb-94d818165543",,,,,,"e3ca5fe13c484a74bf0a4ea69eec1afd"
"94D20938-8724-40CE-806A-FB61DDAB3FBC","5bf517bb-f45b-491b-93c0-25849ffa0a5c","投资/证券","投资/证券","TZZX,TZZQ",,,"0","1","24/10/2017 16:00:36",,,,,,,"d59a3cf65f9847dbb08be449e3feae16"
"950e9a55f1db43ada961d8fb622d22d1","0","@outlook","@outlook.com",,,,"0","1","30/11/2018 11:25:03","admin",,,,,,"55d7666d74df4bb4b36aed08a3a5bad1"
"957488736a224f139f1e79f3021b7326","0","人事管理","5","RSGL",,,"0","1","16/5/2020 17:04:03","admin","16/5/2020 17:05:55","admin",,,,"e0bfb7f7a3054e65949ca0f7c136d717"
"972acb74d15e493aae4f471e16518bef","0","人事管理","personnelManage","RSGL",,,"0","1","17/1/2018 11:50:20","admin","25/6/2018 14:06:57","admin",,,,"507f4f5df86b47588138f321e0b0dac7"
"97337AB5-E9FF-41E6-B963-0A4768B32611","d9b969ed-9122-4861-9035-c631acf99378","会馆会所","会馆会所","KGKS,KGHS,HGKS,HGHS",,,"0","1","24/10/2017 16:00:36",,,,,,,"d59a3cf65f9847dbb08be449e3feae16"
"9828f30dd8b5488a968ac048836dcb77","0","土族","土族","TZ",,,"0","1","24/10/2017 16:00:36",,,,,,,"b6cd65a763fa45eb9fe98e5057693e40"
"984202e45923443387bde62ab1830ab9","037ba904515348eaad1c4bd462fc80a6","CRM应用","crm","CRMYY",,,"0","1","21/9/2020 02:04:01","00ca450b-141b-45d2-b6cb-94d818165543",,,,,,"037ba904515348eaad1c4bd462fc80a6"
"98471961858e4138b36d949d524e8ccd","3e2d33e54d554b4b8a33fc41b93f8a2d","其他费用","7","QTFY",,,"0","1","31/10/2020 01:58:12","admin",,,,,,"3e2d33e54d554b4b8a33fc41b93f8a2d"
"9875dce3e50e44c09cea293e02cd9b7b","c7e90b2ceaa647159490f7637f907290","房地产","房地产","FDC",,,"0","1","16/12/2019 17:54:21","admin","19/9/2020 10:20:29","00ca450b-141b-45d2-b6cb-94d818165543",,,,"c7e90b2ceaa647159490f7637f907290"
"998ce700fa2449b9a34ff07097e0798b","0","布依族","布依族","BYZ",,,"0","1","24/10/2017 16:00:35",,,,,,,"b6cd65a763fa45eb9fe98e5057693e40"
"9b077e268d4f44e6baa29bb40345f422","0","项目管理","projectManage","XMGL",,,"0","1","25/6/2018 10:31:18","admin","25/6/2018 14:06:30","admin",,,,"507f4f5df86b47588138f321e0b0dac7"
"9b5ae7aa433f4cdf8045d467956b9ea6","7866376d5f694d4d851c7164bd00ebfc","驾照证","2","JZZ",,,"0","1","8/8/2020 15:33:42","00ca450b-141b-45d2-b6cb-94d818165543",,,,,,"7866376d5f694d4d851c7164bd00ebfc"
"9b78f178da8448b298bc534e229386b5","0","高职","5","GZ",,,"0","1","24/10/2017 16:00:35",,"26/10/2017 17:12:57",,,,,"6a6d6fb541b742fbae7e8888528baa16"
"9baafa488ff447a0a5ae602ace2c1241","65e7917344fa460e8c487e45bbbab26f","合同管理","contractManage","HTGL",,,"0","1","21/9/2020 02:21:00","00ca450b-141b-45d2-b6cb-94d818165543",,,,,,"65e7917344fa460e8c487e45bbbab26f"
"9bc40d305fc04acaac514d98c1a182d9","0","招商资源","招商资源","ZSZY",,,"0","1","16/12/2019 17:52:53","admin",,,,,,"c9f32bb4eef748998ed57280fe100fb7"
"9C7AA17D-4682-40C9-A9B6-AC14EE7D8A54","5bf517bb-f45b-491b-93c0-25849ffa0a5c","典当/抵押/信贷","典当/抵押/信贷","DDDYXD",,,"0","1","24/10/2017 16:00:36",,,,,,,"d59a3cf65f9847dbb08be449e3feae16"
"9D8266BD-10A3-4A88-8131-51D2C57C3519","fc4a08ce-9804-4cb1-a4c6-9440ca614b5d","工艺品/玩具/珠宝","工艺品/玩具/珠宝","GYPWJZB",,,"0","1","24/10/2017 16:00:36",,,,,,,"d59a3cf65f9847dbb08be449e3feae16"
"9d9c76c1bbb44fea9402e1c90801191f","0","畲族","畲族","SZ",,,"0","1","24/10/2017 16:00:35",,,,,,,"b6cd65a763fa45eb9fe98e5057693e40"
"9e9205fb43da4b88a24bb1eebd626ff0","0","销售管理","saleManage","XSGL",,,"0","1","25/6/2018 10:30:53","admin","25/6/2018 14:06:35","admin",,,,"507f4f5df86b47588138f321e0b0dac7"
"a03a50843fac42fe971d0c3f3a1d4d45","0","部门","department","BM",,,"0","1","24/10/2017 16:00:36",,"26/10/2017 17:14:00",,,,,"9aba44dfc8dc481a9346b9ce38a0735e"
"a0a14397308d464a8d34f2ea32243ca9","02ad722fd1914c338d51597236ad2339","外部门户","6","WBMH",,,"6","1","6/11/2020 06:02:47","admin",,,,,,"02ad722fd1914c338d51597236ad2339"
"a13874e5d3924b7e8270f1487cd04fe1","0","阿昌族","阿昌族","ACZ,ECZ",,,"0","1","24/10/2017 16:00:36",,,,,,,"b6cd65a763fa45eb9fe98e5057693e40"
"a1ba2c0db7d44bd7902ffc508e70e3bf","0","@qq","@qq.com",,,"QQ邮箱","0","1","30/11/2018 11:20:42","admin",,,,,,"55d7666d74df4bb4b36aed08a3a5bad1"
"a38b8d5c43294b7e97c04d06a7e904ff","0","博士及以上","8","BSJYS",,,"0","1","24/10/2017 16:00:35",,"21/3/2018 16:47:13","admin",,,,"6a6d6fb541b742fbae7e8888528baa16"
"a38f2c7ea51b49e4ba3bcf9df8ea2394","038d293fca544c86afa3f2bc65421fd7","公海客户","4","GHKH",,,"0","1","6/11/2020 06:43:49","admin",,,,,,"038d293fca544c86afa3f2bc65421fd7"
"a4e512091b274d71b44a240d9179a263","0","字典","4","ZD",,,"2","1","5/8/2020 15:23:10","00ca450b-141b-45d2-b6cb-94d818165543","22/1/2021 11:49:20","admin",,,,"e3ca5fe13c484a74bf0a4ea69eec1afd"
"a6312e14b9da4f3ba7d28630f3bfbbb0","0","@sohu","@sohu.com",,,"搜狐","0","1","30/11/2018 11:21:42","admin",,,,,,"55d7666d74df4bb4b36aed08a3a5bad1"
"a745d425adbb4321880817661cae8910","7866376d5f694d4d851c7164bd00ebfc","身份证","1","SFZ",,,"0","1","8/8/2020 15:33:19","00ca450b-141b-45d2-b6cb-94d818165543",,,,,,"7866376d5f694d4d851c7164bd00ebfc"
"A99C5405-DC2A-440D-A5E3-6B0A8C6026DB","4d885793-2fbd-49ce-9b0e-aa709a71b2d0","宾馆/酒店","宾馆/酒店","BGJD",,,"0","1","24/10/2017 16:00:36",,,,,,,"d59a3cf65f9847dbb08be449e3feae16"
"a9eb48bfaa434e4ca542a88c3bca9e1d","0","@aliyun","@aliyun.com",,,"阿里邮箱","0","1","30/11/2018 11:35:23","admin","30/11/2018 11:35:41","admin",,,,"55d7666d74df4bb4b36aed08a3a5bad1"
"ABA8D38C-7B37-4C32-A7C9-4DBB33A4B413","614ecab4-845f-4cbc-9ff7-a9968aca6eeb","环保/废料回收","环保/废料回收","HBFLHS",,,"0","1","24/10/2017 16:00:36",,,,,,,"d59a3cf65f9847dbb08be449e3feae16"
"ABE7D855-FA7A-4FF3-B39A-B4999B99C59E","27d8cf5a-22e8-4e05-b4d6-5684a564418a","计算机服务/维修","计算机服务/维修","JSJFWWX",,,"0","1","24/10/2017 16:00:36",,,,,,,"d59a3cf65f9847dbb08be449e3feae16"
"ad4039ce0d4e4017ae7c917c53ffbcc8","0","土家族","土家族","TJZ","0",,"0","1","24/10/2017 16:00:35",,,,,,,"b6cd65a763fa45eb9fe98e5057693e40"
"ad9147d3de4a41a3b384787e57800264","65e7917344fa460e8c487e45bbbab26f","CRM应用","crm","CRMYY",,,"0","1","21/9/2020 02:21:49","00ca450b-141b-45d2-b6cb-94d818165543",,,,,,"65e7917344fa460e8c487e45bbbab26f"
"ADF3DA95-2674-4830-BD9B-14043451C09F","614ecab4-845f-4cbc-9ff7-a9968aca6eeb","化工/肥料/农药","化工/肥料/农药","HGFLNY",,,"0","1","24/10/2017 16:00:36",,,,,,,"d59a3cf65f9847dbb08be449e3feae16"
"AEF24D19-1B7A-4ADB-85FF-7B974C8B0297","614ecab4-845f-4cbc-9ff7-a9968aca6eeb","电工/电气/开关/线缆","电工/电气/开关/线缆","DGDQKGXL",,,"0","1","24/10/2017 16:00:36",,,,,,,"d59a3cf65f9847dbb08be449e3feae16"
"AF6172C8-DA14-419D-84F9-6CB1D1A5B231","614ecab4-845f-4cbc-9ff7-a9968aca6eeb","五金/工具","五金/工具","WJGJ",,,"0","1","24/10/2017 16:00:36",,,,,,,"d59a3cf65f9847dbb08be449e3feae16"
"b0f9f27b34d54ccea3bb5c7e4b5e5f34","0","乌孜别克族","乌孜别克族","WZBKZ",,,"0","1","24/10/2017 16:00:36",,,,,,,"b6cd65a763fa45eb9fe98e5057693e40"
"b12b07c35a1f4591b64015c012aa0129","0","蒙古族","蒙古族","MGZ",,,"0","1","24/10/2017 16:00:35",,,,,,,"b6cd65a763fa45eb9fe98e5057693e40"
"b16664b364414793b310b4cc56dacd5a","0","德昂族","德昂族","DAZ",,,"0","1","24/10/2017 16:00:36",,,,,,,"b6cd65a763fa45eb9fe98e5057693e40"
"b1cd608c85d74975b17bf851fa4ff6f3","765929a127f44a5b80e773d65d58f96c","销售管理","saleManage","XSGL",,,"0","1","21/9/2020 01:56:24","00ca450b-141b-45d2-b6cb-94d818165543",,,,,,"765929a127f44a5b80e773d65d58f96c"
"B1F6AE91-F128-4E3D-9D5D-4FF08420682D","f2acc9ef-ce0d-4ef1-a17e-c0cc32c7e678","化妆品/护肤品","化妆品/护肤品","HZPHFP",,,"0","1","24/10/2017 16:00:36",,,,,,,"d59a3cf65f9847dbb08be449e3feae16"
"b2551e8601624347be5d1e5592bf33a1","02ad722fd1914c338d51597236ad2339","财务门户","4","CWMH",,,"4","1","6/11/2020 06:02:20","admin",,,,,,"02ad722fd1914c338d51597236ad2339"
"B2630C4A-ED8C-4147-BAED-5BD0BCA4E5F1","8e63a940-4e88-461f-b80d-fd3db065bfef","家政服务","家政服务","JZFW",,,"0","1","24/10/2017 16:00:36",,,,,,,"d59a3cf65f9847dbb08be449e3feae16"
"b28702767ac5415e97dea6ed57b63039","0","@foxmail","@foxmail.com",,,,"0","1","30/11/2018 11:29:45","admin",,,,,,"55d7666d74df4bb4b36aed08a3a5bad1"
"b36e2f4e3508471da4e3beb4a846e480","0","日常工作","1","RCGZ",,,"0","1","16/5/2020 17:04:12","admin","16/5/2020 17:05:51","admin",,,,"e0bfb7f7a3054e65949ca0f7c136d717"
"b3b1273878104dc18cba8bcfa6b21e43","037ba904515348eaad1c4bd462fc80a6","仓库管理","warehouseManagement","CKGL",,,"0","1","21/9/2020 02:03:46","00ca450b-141b-45d2-b6cb-94d818165543",,,,,,"037ba904515348eaad1c4bd462fc80a6"
"B4A01EC3-8EB3-479D-AB60-FBB2A9E13BA8","0fcc751d-9ceb-4767-8755-f0189b239468","建材/工程","建材/工程","JCGC",,,"0","1","24/10/2017 16:00:36",,,,,,,"d59a3cf65f9847dbb08be449e3feae16"
"b53c34f826354b028036346e63a69ffc","0","其他","10","QT,JT",,,"0","1","16/5/2020 17:04:57","admin","16/5/2020 17:06:22","admin",,,,"e0bfb7f7a3054e65949ca0f7c136d717"
"b55a07a8ab49451ea67f86ba068b730b","b1474890faaa47e1858ce7b593c8ffd7","测试分类","test","CSFL",,,"0","1","31/8/2020 11:29:15","00ca450b-141b-45d2-b6cb-94d818165543",,,,,,"b1474890faaa47e1858ce7b593c8ffd7"
"b5dc651f-1125-4c6c-8114-24e2ef85ed73","0","美容/保健","美容/保健","MRBJ",,,"0","1","24/10/2017 16:00:36",,,,,,,"d59a3cf65f9847dbb08be449e3feae16"
"B5F754A5-9598-41E1-AA17-B6223DC144BE","75f1eb60-1258-4747-bfbc-ac66c1724b49","人力资源/财会","人力资源/财会","RLZYCK,RLZYCH",,,"0","1","24/10/2017 16:00:36",,,,,,,"d59a3cf65f9847dbb08be449e3feae16"
"b5fea94707c044a09370af3af2e1e53b","765929a127f44a5b80e773d65d58f96c","公文管理","documentManage","GWGL",,,"0","1","21/9/2020 01:56:13","00ca450b-141b-45d2-b6cb-94d818165543",,,,,,"765929a127f44a5b80e773d65d58f96c"
"b620b397f3ec44f083b0df9fbc2f3ba7","0","本科","6","BK",,,"0","1","24/10/2017 16:00:35",,"26/10/2017 17:13:03",,,,,"6a6d6fb541b742fbae7e8888528baa16"
"b6d980d0264041a585d47203f443af4f","037ba904515348eaad1c4bd462fc80a6","公文管理","documentManage","GWGL",,,"0","1","21/9/2020 02:03:17","00ca450b-141b-45d2-b6cb-94d818165543",,,,,,"037ba904515348eaad1c4bd462fc80a6"
"b6d9b734543d469c973759bea4fe4de0","0","包含","7","BH",,,"0","1","24/10/2017 16:00:36",,"26/10/2017 17:17:17",,,,,"237446e245ce403d8062995ea33711cf"
"b8e5e466e9654e70b9b4f3c53722f59f","765929a127f44a5b80e773d65d58f96c","行政管理","administrationManage","XZGL",,,"0","1","21/9/2020 01:56:34","00ca450b-141b-45d2-b6cb-94d818165543",,,,,,"765929a127f44a5b80e773d65d58f96c"
"BCA3C4EB-9545-4A2D-94CF-CFFADC2B4EE3","926023bb-0b74-4bca-8d67-5d7657d0bca7","图书/音像","图书/音像","TSYX",,,"0","1","24/10/2017 16:00:36",,,,,,,"d59a3cf65f9847dbb08be449e3feae16"
"BCAC8366-A51D-4595-B50F-59DBC552CECD","614ecab4-845f-4cbc-9ff7-a9968aca6eeb","照明工业","照明工业","ZMGY",,,"0","1","24/10/2017 16:00:36",,,,,,,"d59a3cf65f9847dbb08be449e3feae16"
"bcf16235c3a845ee89b77de0dc2d4e5e","038d293fca544c86afa3f2bc65421fd7","预签约客户","3","YQYKH",,,"0","1","6/11/2020 06:43:38","admin",,,,,,"038d293fca544c86afa3f2bc65421fd7"
"bcf56b39e6bd4e31ae1621f839fa8b6c","0","傈僳族","傈僳族","LSZ",,,"0","1","24/10/2017 16:00:35",,,,,,,"b6cd65a763fa45eb9fe98e5057693e40"
"be3c621bd9a94e87acbc6f9d999658e6","65e7917344fa460e8c487e45bbbab26f","销售管理","saleManage","XSGL",,,"0","1","21/9/2020 02:21:18","00ca450b-141b-45d2-b6cb-94d818165543",,,,,,"65e7917344fa460e8c487e45bbbab26f"
"be6b516477ed41dab4d0777336e58ddf","0","日常工作","routine","RCGZ",,,"0","1","25/6/2018 10:29:24","admin","25/6/2018 10:49:40","admin",,,,"507f4f5df86b47588138f321e0b0dac7"
"c1349445e473436c8148bf1fced9b566","1e31cad8cf5448a9859d8551015eb6f0","男","1","N",,,"0","1","4/11/2020 06:48:43","admin",,,,,,"1e31cad8cf5448a9859d8551015eb6f0"
"c3cec71872db40189fb4cc3d1c41dd3a","765929a127f44a5b80e773d65d58f96c","费用相关","costRelated","FYXG",,,"0","1","21/9/2020 01:55:29","00ca450b-141b-45d2-b6cb-94d818165543",,,,,,"765929a127f44a5b80e773d65d58f96c"
"C48852B0-CE48-49C3-82FB-3267F513E91B","fc4a08ce-9804-4cb1-a4c6-9440ca614b5d","服装服饰","服装服饰","FZFS",,,"0","1","24/10/2017 16:00:36",,,,,,,"d59a3cf65f9847dbb08be449e3feae16"
"C4BD8743-ADCF-42EC-901D-44485F1B242A","8e63a940-4e88-461f-b80d-fd3db065bfef","美发","美发","MF",,,"0","1","24/10/2017 16:00:36",,,,,,,"d59a3cf65f9847dbb08be449e3feae16"
"c5954708b89649258db94a016ec05ff8","573c31998bc04a23a769f9a9eff67d00","人事管理","personnelManage","RSGL",,,"0","1","21/9/2020 01:54:52","00ca450b-141b-45d2-b6cb-94d818165543",,,,,,"573c31998bc04a23a769f9a9eff67d00"
"c6671d35870949979c032fccae5933da","02ad722fd1914c338d51597236ad2339","其他门户","0","QTMH",,,"0","1","6/11/2020 05:58:53","admin",,,,,,"02ad722fd1914c338d51597236ad2339"
"c67213ea412547b5a46a89bc25fabb9a","c7e90b2ceaa647159490f7637f907290","运输/物流","运输/物流","YSWL",,,"0","1","16/12/2019 17:54:44","admin","19/9/2020 10:20:09","00ca450b-141b-45d2-b6cb-94d818165543",,,,"c7e90b2ceaa647159490f7637f907290"
"c6edee1e-ae57-4b1e-84e5-4837e24978b8","0","政府机关/社会组织","政府机关/社会组织","ZFJGSKZZ,ZFJGSHZZ",,,"0","1","24/10/2017 16:00:36",,,,,,,"d59a3cf65f9847dbb08be449e3feae16"
"c7199f50afaa46069be39644a7b602c1","0","珞巴族","珞巴族","LBZ",,,"0","1","24/10/2017 16:00:36",,,,,,,"b6cd65a763fa45eb9fe98e5057693e40"
"C7469619-5331-42D8-B625-2D75BA69A59C","5bf517bb-f45b-491b-93c0-25849ffa0a5c","银行/保险","银行/保险","YXBX,YHBX",,,"0","1","24/10/2017 16:00:36",,,,,,,"d59a3cf65f9847dbb08be449e3feae16"
"c92985dbcdd648c6a98b272a8f09698e","0","服务支持","serviceSupport","FWZC",,,"0","1","25/6/2018 10:30:19","admin","25/6/2018 14:04:26","admin",,,,"507f4f5df86b47588138f321e0b0dac7"
"ca46924df4a14a89bdec649262c646de","0","@21cn","@21cn.com",,,,"0","1","30/11/2018 11:23:07","admin",,,,,,"55d7666d74df4bb4b36aed08a3a5bad1"
"CC83B3E0-4E70-4910-B39D-4758A89C858F","7c7d4ae2-455c-439b-b8a8-eb484014aa75","4S店/汽车经销商","4S店/汽车经销商","DQJJXS,DQCJXS",,,"0","1","24/10/2017 16:00:36",,,,,,,"d59a3cf65f9847dbb08be449e3feae16"
"cc899471d3524b25b7a3cede29bd4710","0","转介绍","转介绍","ZJS",,,"0","1","16/12/2019 17:52:30","admin",,,,,,"c9f32bb4eef748998ed57280fe100fb7"
"ccb97b703a8149bcb2bd0fd626632f93","0","功能","3","GN",,,"3","1","5/8/2020 15:22:59","00ca450b-141b-45d2-b6cb-94d818165543","22/1/2021 11:49:34","admin",,,,"e3ca5fe13c484a74bf0a4ea69eec1afd"
"cde0f545147a4f118d33c69651fac4c3","0","电话咨询","电话咨询","DHZX",,,"0","1","16/12/2019 17:53:16","admin",,,,,,"c9f32bb4eef748998ed57280fe100fb7"
"cdf4cba6ab8c444aa7f4c8442bbb8d3c","1cff2b60fd7a4c9f82273163b956268c","公文管理","documentManage","GWGL",,,"0","1","21/9/2020 02:01:50","00ca450b-141b-45d2-b6cb-94d818165543",,,,,,"1cff2b60fd7a4c9f82273163b956268c"
"ce51233654ee4d1890c7c081a04da2be","0","资产管理","assetsManage","ZCGL",,,"0","1","25/6/2018 10:30:35","admin","25/6/2018 14:06:47","admin",,,,"507f4f5df86b47588138f321e0b0dac7"
"CEDE4DDD-B946-46E7-87CF-59A393DCED36","614ecab4-845f-4cbc-9ff7-a9968aca6eeb","采掘/冶炼/金属","采掘/冶炼/金属","CJYLJZ,CJYLJS",,,"0","1","24/10/2017 16:00:36",,,,,,,"d59a3cf65f9847dbb08be449e3feae16"
"cf5b616c15ed40c3bfbf59d4f6e8b7fb","0","合伙企业","4","HHQY,GHQY",,,"0","1","25/10/2017 14:36:13",,"26/10/2017 17:14:18",,,,,"9b542177a477488994ce09fff3c93901"
"d06778318f894c4b914050601897effe","963255a34ea64a2584c5d1ba269c1fe6","女","2","N",,,"0","1","15/8/2020 03:11:43","00ca450b-141b-45d2-b6cb-94d818165543",,,,,,"963255a34ea64a2584c5d1ba269c1fe6"
"D13F172E-080E-4362-862D-088BE89C0B65","27c38cf2-dc0a-4449-ab87-7eb68f7e425b","大中小学","大中小学","DZXX",,,"0","1","24/10/2017 16:00:36",,,,,,,"d59a3cf65f9847dbb08be449e3feae16"
"d16ec06fe05d423b839ae341f5326053","0","大于","2","DY",,,"0","1","24/10/2017 16:00:36",,"26/10/2017 17:17:29",,,,,"237446e245ce403d8062995ea33711cf"
"d22e88231b604cbbbdf44016a6fa9573","c7e90b2ceaa647159490f7637f907290","贸易","贸易","MY",,,"0","1","16/12/2019 17:54:32","admin","19/9/2020 10:20:23","00ca450b-141b-45d2-b6cb-94d818165543",,,,"c7e90b2ceaa647159490f7637f907290"
"d27c63c3630543fea197eefbe553faff","b1474890faaa47e1858ce7b593c8ffd7","行政管理","administrationManage","XZGL",,,"0","1","21/9/2020 02:23:14","00ca450b-141b-45d2-b6cb-94d818165543",,,,,,"b1474890faaa47e1858ce7b593c8ffd7"
"d30a12225c004651a72cac49b5bb3b05","573c31998bc04a23a769f9a9eff67d00","销售管理","saleManage","XSGL",,,"0","1","21/9/2020 01:58:04","00ca450b-141b-45d2-b6cb-94d818165543",,,,,,"573c31998bc04a23a769f9a9eff67d00"
"D416CE11-E6A5-4778-AB42-3BDB6262D6AE","1b82cfae-98f1-4b54-a3ae-1d1c6ad3f3f6","移动通讯","移动通讯","YDTX",,,"0","1","24/10/2017 16:00:36",,,,,,,"d59a3cf65f9847dbb08be449e3feae16"
"d41b37794e1c4e02afa1a102a1ff74bd","1cff2b60fd7a4c9f82273163b956268c","行政管理","administrationManage","XZGL",,,"0","1","21/9/2020 02:02:10","00ca450b-141b-45d2-b6cb-94d818165543",,,,,,"1cff2b60fd7a4c9f82273163b956268c"
"D4427F85-09BD-4572-BEC0-5297DB690184","7d7dd051-6e57-499b-ac88-c019d7c663da","医疗整形","医疗整形","YLZX",,,"0","1","24/10/2017 16:00:36",,,,,,,"d59a3cf65f9847dbb08be449e3feae16"
"d44854b5cf304c41badd6afd5cd3f7dd","0","转账支付","Transferpayment","ZZZF",,,"0","1","10/7/2018 10:27:09","admin",,,,,,"1143c18426014419a35aa1fa97685c9c"
"D4C26AA6-8B40-4DD5-BE0B-4EB027958184","27d8cf5a-22e8-4e05-b4d6-5684a564418a","计算机软件","计算机软件","JSJRJ",,,"0","1","24/10/2017 16:00:36",,,,,,,"d59a3cf65f9847dbb08be449e3feae16"
"d4e29600b10e4ab9a688e2cbe702ab7d","76da95221f894466b7b3dec327b98c8b","系统登录","Login","XTDL",,,"0","1","11/8/2020 17:21:22","00ca450b-141b-45d2-b6cb-94d818165543",,,,,,"76da95221f894466b7b3dec327b98c8b"
"d57025879a6f46fab1578bd325daa3a0","0","@163","@163.com",,,"网易邮箱","0","1","30/11/2018 11:18:17","admin",,,,,,"55d7666d74df4bb4b36aed08a3a5bad1"
"d59e91fd78194596812ac84a09943de8","0","系统角色","SystemRole","XTJS,JTJS",,,"0","1","27/10/2017 10:23:39",,,,,,,"4501f6f26a384757bce12d4c4b03342c"
"d61d47fbb7864eacafe0163873b92b7d","02ad722fd1914c338d51597236ad2339","营销门户","3","YXHM",,,"3","1","6/11/2020 06:01:59","admin","6/11/2020 06:02:08","admin",,,,"02ad722fd1914c338d51597236ad2339"
"d68614ec2be944b0b48be4c5edb9a83f","0","布朗族","布朗族","BLZ",,,"0","1","24/10/2017 16:00:36",,,,,,,"b6cd65a763fa45eb9fe98e5057693e40"
"d8df5892e057411ca96f7ad5f7fe7099","0","不等于","6","BDY",,,"0","1","24/10/2017 16:00:36",,"26/10/2017 17:17:45",,,,,"237446e245ce403d8062995ea33711cf"
"D967E161-32D3-4A32-9F99-86A69ECA894E","c6edee1e-ae57-4b1e-84e5-4837e24978b8","其他","其他","QT,JT",,,"0","1","24/10/2017 16:00:36",,,,,,,"d59a3cf65f9847dbb08be449e3feae16"
"d9b969ed-9122-4861-9035-c631acf99378","0","休闲娱乐","休闲娱乐","XXYY,XXYL",,,"0","1","24/10/2017 16:00:36",,,,,,,"d59a3cf65f9847dbb08be449e3feae16"
"da85ed8ca991457bb6b019969ba4adc8","0","专技岗位","2","ZJGW",,"专技岗位指从事专业技术工作，具有相应专业技术水平和能力的工作岗位","0","1","26/10/2017 13:29:17",,"26/10/2017 17:14:33",,,,,"dae93f2fd7cd4df999d32f8750fa6a1e"
"db3d6642d7f349f19eee700a73aec42d","765929a127f44a5b80e773d65d58f96c","日常工作","routine","RCGZ",,,"0","1","21/9/2020 01:55:41","00ca450b-141b-45d2-b6cb-94d818165543",,,,,,"765929a127f44a5b80e773d65d58f96c"
"dbe0f98ce3bf42839d84e60bbb2b8c66","3e2d33e54d554b4b8a33fc41b93f8a2d","维修费用","2","WXFY",,,"2","1","31/10/2020 01:56:41","admin","20/1/2021 11:59:24","admin",,,,"3e2d33e54d554b4b8a33fc41b93f8a2d"
"dc96b486bd724586814b37168c97beae","7866376d5f694d4d851c7164bd00ebfc","护照","3","HZ",,,"0","1","8/8/2020 15:33:54","00ca450b-141b-45d2-b6cb-94d818165543",,,,,,"7866376d5f694d4d851c7164bd00ebfc"
"dd961d9d30a5492682a462bd282e8158","0","傣族","傣族","DZ",,,"0","1","24/10/2017 16:00:35",,,,,,,"b6cd65a763fa45eb9fe98e5057693e40"
"decbf5a18cf74bae90b98b3fbe04ec8a","9c43287481364d348c0ea0d0f64b38be","大屏图表","2","DP",,,"0","1","10/8/2020 23:44:41","00ca450b-141b-45d2-b6cb-94d818165543","10/8/2020 23:44:51","00ca450b-141b-45d2-b6cb-94d818165543",,,,"9c43287481364d348c0ea0d0f64b38be"
"df251cf8fc464377b11650cbece4eb88","0","其他","Other","QT,JT",,,"0","1","10/7/2018 10:53:10","admin",,,,,,"1143c18426014419a35aa1fa97685c9c"
"DF326EC3-AD05-41E0-B4D3-3382748C700C","f2acc9ef-ce0d-4ef1-a17e-c0cc32c7e678","生活用品","生活用品","SHYP",,,"0","1","24/10/2017 16:00:36",,,,,,,"d59a3cf65f9847dbb08be449e3feae16"
"df721d25cb9b4502afb4fe9796f71ac7","0","中专","4","ZZ",,,"0","1","24/10/2017 16:00:35",,"26/10/2017 17:12:52",,,,,"6a6d6fb541b742fbae7e8888528baa16"
"df845894f4d44e54843239bf4a8171f6","65e7917344fa460e8c487e45bbbab26f","行政管理","administrationManage","XZGL",,,"0","1","21/9/2020 02:21:30","00ca450b-141b-45d2-b6cb-94d818165543",,,,,,"65e7917344fa460e8c487e45bbbab26f"
"e089eb659c894c79acb1cb2f0939d15f","b1474890faaa47e1858ce7b593c8ffd7","仓库管理","warehouseManagement","CKGL",,,"0","1","21/9/2020 02:23:21","00ca450b-141b-45d2-b6cb-94d818165543",,,,,,"b1474890faaa47e1858ce7b593c8ffd7"
"e0a2b6e477b4499082ef89632063183a","1cff2b60fd7a4c9f82273163b956268c","仓库管理","warehouseManagement","CKGL",,,"0","1","21/9/2020 02:02:20","00ca450b-141b-45d2-b6cb-94d818165543",,,,,,"1cff2b60fd7a4c9f82273163b956268c"
"e17e977fe98e43d0baabb327f70e6549","507f4f5df86b47588138f321e0b0dac7","车辆管理","cheliang","CLGL",,,"0","1","31/10/2020 01:18:43","admin",,,,,,"507f4f5df86b47588138f321e0b0dac7"
"e25ed4b5bd934c2bb8b4a89ff379992f","c7e90b2ceaa647159490f7637f907290","服务业","服务业","FWY",,,"0","1","16/12/2019 17:54:49","admin","19/9/2020 10:20:03","00ca450b-141b-45d2-b6cb-94d818165543",,,,"c7e90b2ceaa647159490f7637f907290"
"e43a773b8a024d109dfb176e99f08a35","0","行政管理","administrationManage","XZGL,HZGL",,,"0","1","25/6/2018 10:31:26","admin","25/6/2018 14:06:14","admin",,,,"507f4f5df86b47588138f321e0b0dac7"
"e4bb0a72a062405397acdeed43862cda","b1474890faaa47e1858ce7b593c8ffd7","合同管理","contractManage","HTGL",,,"0","1","21/9/2020 02:22:45","00ca450b-141b-45d2-b6cb-94d818165543",,,,,,"b1474890faaa47e1858ce7b593c8ffd7"
"e669a5d1545e4c39805e22da6df6dfd0","0","纳西族","纳西族","NXZ",,,"0","1","24/10/2017 16:00:36",,,,,,,"b6cd65a763fa45eb9fe98e5057693e40"
"E6C0D972-0A2A-48B6-85E8-55F80200C503","1b82cfae-98f1-4b54-a3ae-1d1c6ad3f3f6","数码产品","数码产品","SMCP",,,"0","1","24/10/2017 16:00:36",,,,,,,"d59a3cf65f9847dbb08be449e3feae16"
"e6d2b9f4b7364a11913e866ff3256d9c","573c31998bc04a23a769f9a9eff67d00","日常工作","routine","RCGZ",,,"0","1","21/9/2020 01:57:38","00ca450b-141b-45d2-b6cb-94d818165543",,,,,,"573c31998bc04a23a769f9a9eff67d00"
"e73047ef52f44d11b5326bf340981ed1","0","English","en-US",,,,"0","1","24/10/2017 16:00:36",,"28/5/2020 17:50:22","admin",,,,"dc6b2542d94b407cac61ec1d59592901"
"e781a37278e04b1ead88c7e60fee40a7","c7e90b2ceaa647159490f7637f907290","其他","其他","QT,JT",,,"0","1","16/12/2019 17:55:07","admin","19/9/2020 10:19:38","00ca450b-141b-45d2-b6cb-94d818165543",,,,"c7e90b2ceaa647159490f7637f907290"
"E86D955D-8E32-4D9E-AF66-87E0D30C5555","0fcc751d-9ceb-4767-8755-f0189b239468","楼盘/物业","楼盘/物业","LPWY",,,"0","1","24/10/2017 16:00:36",,,,,,,"d59a3cf65f9847dbb08be449e3feae16"
"E8802412-74A7-42BB-B892-F8AAAB779783","0fcc751d-9ceb-4767-8755-f0189b239468","室内设计/装潢","室内设计/装潢","SNSJZH",,,"0","1","24/10/2017 16:00:36",,,,,,,"d59a3cf65f9847dbb08be449e3feae16"
"e8bfa8ac60d34361b815b48c494f3e06","0","合同管理","contractManage","HTGL,GTGL",,,"0","1","25/6/2018 10:30:27","admin","25/6/2018 14:06:52","admin",,,,"507f4f5df86b47588138f321e0b0dac7"
"EA8E6EF5-76CA-4E2C-B2B0-D6BAF4ED7F08","27c38cf2-dc0a-4449-ab87-7eb68f7e425b","语言培训","语言培训","YYPX",,,"0","1","24/10/2017 16:00:36",,,,,,,"d59a3cf65f9847dbb08be449e3feae16"
"EB53529F-71C0-4136-A27B-73A533434D87","75f1eb60-1258-4747-bfbc-ac66c1724b49","外包服务","外包服务","WBFW",,,"0","1","24/10/2017 16:00:36",,,,,,,"d59a3cf65f9847dbb08be449e3feae16"
"eb5591394bf74e378389279fd63aca65","037ba904515348eaad1c4bd462fc80a6","费用相关","costRelated","FYXG",,,"0","1","21/9/2020 02:02:50","00ca450b-141b-45d2-b6cb-94d818165543",,,,,,"037ba904515348eaad1c4bd462fc80a6"
"eb789cfd3fe54f1cb9230c6f793897a4","1cff2b60fd7a4c9f82273163b956268c","日常工作","routine","RCGZ",,,"0","1","21/9/2020 02:00:58","00ca450b-141b-45d2-b6cb-94d818165543",,,,,,"1cff2b60fd7a4c9f82273163b956268c"
"eb8ff4dc825b4cbe8ca212757f35a1b0","0","管理岗位","1","GLGW",,"管理岗位指担负领导啧啧或管理任务的工作岗位","0","1","26/10/2017 13:29:06",,"26/10/2017 17:14:29",,,,,"dae93f2fd7cd4df999d32f8750fa6a1e"
"EC84E1BB-4DEB-4E71-BEA0-76FB939DFD34","f2acc9ef-ce0d-4ef1-a17e-c0cc32c7e678","烟酒","烟酒","YJ",,,"0","1","24/10/2017 16:00:36",,,,,,,"d59a3cf65f9847dbb08be449e3feae16"
"ec8d5b687ef84f38ae75162af669f862","c7e90b2ceaa647159490f7637f907290","生产","生产","SC",,,"0","1","16/12/2019 17:54:38","admin","19/9/2020 10:20:16","00ca450b-141b-45d2-b6cb-94d818165543",,,,"c7e90b2ceaa647159490f7637f907290"
"ECB00494-3C58-43FF-BA93-8505FB568AB5","8e63a940-4e88-461f-b80d-fd3db065bfef","快递/物流/速运","快递/物流/速运","KDWLSY",,,"0","1","24/10/2017 16:00:36",,,,,,,"d59a3cf65f9847dbb08be449e3feae16"
"ecf667b572144b068788eaa2f5643376","0","@sina","@sina.com",,,"新浪","0","1","30/11/2018 11:21:18","admin","30/11/2018 11:30:30","admin",,,,"55d7666d74df4bb4b36aed08a3a5bad1"
"ed7b686972904272af15dc096cf54c9d","0","支票结算","Checksettlement","ZPJS",,,"0","1","10/7/2018 10:52:45","admin",,,,,,"1143c18426014419a35aa1fa97685c9c"
"ee8b30401c214df4a19e86f63bd8df55","0","促销活动","促销活动","CXHD",,,"0","1","16/12/2019 17:52:03","admin",,,,,,"c9f32bb4eef748998ed57280fe100fb7"
"EECBF1B0-C175-4BAB-A189-5E7DE1632F23","b5dc651f-1125-4c6c-8114-24e2ef85ed73","保健品","保健品","BJP",,,"0","1","24/10/2017 16:00:36",,,,,,,"d59a3cf65f9847dbb08be449e3feae16"
"f043454be068470180756c50596e47dd","0","公司","company","GS",,,"0","1","24/10/2017 16:00:36",,"26/10/2017 17:13:46",,,,,"9aba44dfc8dc481a9346b9ce38a0735e"
"f09bfa62f0b74ede879d98e5bcc21a35","765929a127f44a5b80e773d65d58f96c","仓库管理","warehouseManagement","CKGL",,,"0","1","21/9/2020 01:56:51","00ca450b-141b-45d2-b6cb-94d818165543",,,,,,"765929a127f44a5b80e773d65d58f96c"
"f10e48fc01024e3fb0ef67bfbf68f787","0","非优先客户","非优先客户","FYXKH",,,"0","1","16/12/2019 17:55:56","admin","28/12/2019 15:14:24","admin",,,,"87b9d6e3c2dc4c71a06ff6844e92c292"
"F18D5175-4200-47C4-B299-3AFBF8216AF9","926023bb-0b74-4bca-8d67-5d7657d0bca7","广告","广告","GG,AG",,,"0","1","24/10/2017 16:00:36",,,,,,,"d59a3cf65f9847dbb08be449e3feae16"
"f2acc9ef-ce0d-4ef1-a17e-c0cc32c7e678","0","日用杂货/家电","日用杂货/家电","RYZHJD",,,"0","1","24/10/2017 16:00:36",,,,,,,"d59a3cf65f9847dbb08be449e3feae16"
"f3dc29e8a224486c9f8150f0855336e7","65e7917344fa460e8c487e45bbbab26f","人事管理","personnelManage","RSGL",,,"0","1","21/9/2020 02:20:31","00ca450b-141b-45d2-b6cb-94d818165543",,,,,,"65e7917344fa460e8c487e45bbbab26f"
"F463A7BE-F5BC-4C9F-8A89-F744C1E1A88E","7d7dd051-6e57-499b-ac88-c019d7c663da","制药/生物","制药/生物","ZYSW",,,"0","1","24/10/2017 16:00:36",,,,,,,"d59a3cf65f9847dbb08be449e3feae16"
"f4a0897d4f2d4e748a8f55ec7d85a82a","0","私营企业","2","SYQY",,,"0","1","25/10/2017 14:34:42",,"26/10/2017 17:14:10",,,,,"9b542177a477488994ce09fff3c93901"
"f508a8a3bd354d409c245a1adf97a2f1","573c31998bc04a23a769f9a9eff67d00","合同管理","contractManage","HTGL",,,"0","1","21/9/2020 01:57:46","00ca450b-141b-45d2-b6cb-94d818165543",,,,,,"573c31998bc04a23a769f9a9eff67d00"
"f559976768564145ba38dab1b32a3e53","c7e90b2ceaa647159490f7637f907290","政府","政府","ZF",,,"0","1","16/12/2019 17:55:01","admin","19/9/2020 10:19:47","00ca450b-141b-45d2-b6cb-94d818165543",,,,"c7e90b2ceaa647159490f7637f907290"
"f5c79713ba9d414faabbc253f64181ef","b1474890faaa47e1858ce7b593c8ffd7","公文管理","documentManage","GWGL",,,"0","1","21/9/2020 02:22:56","00ca450b-141b-45d2-b6cb-94d818165543",,,,,,"b1474890faaa47e1858ce7b593c8ffd7"
"f5ebba6dbf47453687b6a10694694aaf","0","赫哲族","赫哲族","HZZ",,,"0","1","24/10/2017 16:00:36",,,,,,,"b6cd65a763fa45eb9fe98e5057693e40"
"F61115F6-A7A1-4B04-858E-E976721AAF30","75f1eb60-1258-4747-bfbc-ac66c1724b49","办公用品及设备","办公用品及设备","BGYPJSB",,,"0","1","24/10/2017 16:00:36",,,,,,,"d59a3cf65f9847dbb08be449e3feae16"
"f64035085f6f4f50864c3aab0fe42d99","0","大于等于","3","DYDY",,,"0","1","24/10/2017 16:00:36",,"26/10/2017 17:17:33",,,,,"237446e245ce403d8062995ea33711cf"
"f64c7def086241d4b253571868ac9e17","4173579c31e74a2b8749e65a23e5c957","日常工作","routine","RCGZ",,,"0","1","21/9/2020 01:59:04","00ca450b-141b-45d2-b6cb-94d818165543",,,,,,"4173579c31e74a2b8749e65a23e5c957"
"f6881a48b1984a44845a056b3bcdc000","65e7917344fa460e8c487e45bbbab26f","日常工作","routine","RCGZ",,,"0","1","21/9/2020 02:20:52","00ca450b-141b-45d2-b6cb-94d818165543",,,,,,"65e7917344fa460e8c487e45bbbab26f"
"F6D5FE02-A217-4F90-A820-D5BD710B4FF7","7d7dd051-6e57-499b-ac88-c019d7c663da","医疗设备/器械","医疗设备/器械","YLSBQX",,,"0","1","24/10/2017 16:00:36",,,,,,,"d59a3cf65f9847dbb08be449e3feae16"
"f8b87124ef2a45758426c7d76afa2c90","0","公文管理","documentManage","GWGL",,,"0","1","25/6/2018 10:30:46","admin","25/6/2018 14:06:40","admin",,,,"507f4f5df86b47588138f321e0b0dac7"
"f8be14c58efe48d5adc66cbea176bfcd","0","鄂伦春族","鄂伦春族","ELCZ",,,"0","1","24/10/2017 16:00:36",,,,,,,"b6cd65a763fa45eb9fe98e5057693e40"
"f8d20d8d3ea24c54bf522dad4652d105","65e7917344fa460e8c487e45bbbab26f","仓库管理","warehouseManagement","CKGL",,,"0","1","21/9/2020 02:21:40","00ca450b-141b-45d2-b6cb-94d818165543",,,,,,"65e7917344fa460e8c487e45bbbab26f"
"f913416000a14ed7b66726cc352219d9","0","不包含","8","BBH",,,"0","1","24/10/2017 16:00:36",,"26/10/2017 17:17:21",,,,,"237446e245ce403d8062995ea33711cf"
"FB03EBBE-AE85-4394-91EF-DB6D6DC0BBCB","27c38cf2-dc0a-4449-ab87-7eb68f7e425b","孕前/婴幼儿教育","孕前/婴幼儿教育","YQYYEJY",,,"0","1","24/10/2017 16:00:36",,,,,,,"d59a3cf65f9847dbb08be449e3feae16"
"fb096124a2564dcc84eafc92b771e667","0","塔吉克族","塔吉克族","TJKZ,DJKZ",,,"0","1","24/10/2017 16:00:36",,,,,,,"b6cd65a763fa45eb9fe98e5057693e40"
"FBA08D44-765D-4462-9782-E4AADB4E8AE3","7c7d4ae2-455c-439b-b8a8-eb484014aa75","租车/代驾","租车/代驾","ZJDJ,ZCDJ",,,"0","1","24/10/2017 16:00:36",,,,,,,"d59a3cf65f9847dbb08be449e3feae16"
"FBE677DD-AB1D-43D0-AF5F-460B2610F58A","75f1eb60-1258-4747-bfbc-ac66c1724b49","咨询/顾问","咨询/顾问","ZXGW",,,"0","1","24/10/2017 16:00:36",,,,,,,"d59a3cf65f9847dbb08be449e3feae16"
"fc4a08ce-9804-4cb1-a4c6-9440ca614b5d","0","鞋服/工艺品/奢侈品","鞋服/工艺品/奢侈品","XFGYPSCP",,,"0","1","24/10/2017 16:00:36",,,,,,,"d59a3cf65f9847dbb08be449e3feae16"
"FCAD0103-FAA2-4D5C-96AA-D113F307225D","f2acc9ef-ce0d-4ef1-a17e-c0cc32c7e678","家电/小家电/厨卫用具","家电/小家电/厨卫用具","JDXJDCWYJ",,,"0","1","24/10/2017 16:00:36",,,,,,,"d59a3cf65f9847dbb08be449e3feae16"
"FD32473F-9151-4A9F-85FF-B1FE95D5B9D4","8e63a940-4e88-461f-b80d-fd3db065bfef","维修/疏通","维修/疏通","WXST",,,"0","1","24/10/2017 16:00:36",,,,,,,"d59a3cf65f9847dbb08be449e3feae16"
"fda8b268e91244eeb70435ed5f4676da","0","@hotmail","@hotmail.com",,,,"0","1","30/11/2018 11:22:40","admin",,,,,,"55d7666d74df4bb4b36aed08a3a5bad1"
"fe72535365154b5f82fd7c2f984087f3","0","CRM应用","crm","YY",,,"0","1","27/11/2019 18:30:31","admin",,,,,,"507f4f5df86b47588138f321e0b0dac7"
"FE7F43BF-75C7-492B-8898-72A40FDDBB95","d9b969ed-9122-4861-9035-c631acf99378","KTV/酒吧/夜店","KTV/酒吧/夜店","JBYD",,,"0","1","24/10/2017 16:00:36",,,,,,,"d59a3cf65f9847dbb08be449e3feae16"
