"F_Id","F_ParentId","F_FullName","F_EnCode","F_Icon","F_UrlAddress","F_PropertyJson","F_Description","F_SortCode","F_EnabledMark","F_CreatorTime","F_CreatorUserId","F_LastModifyTime","F_LastModifyUserId","F_DeleteMark","F_DeleteTime","F_DeleteUserId","F_ModuleId"
"0075a182efdc40018c823d3a6197eb41","-1","编辑","btn_edit",,,,,"0","1","3/11/2020 01:53:48","03d159a3-0f88-424c-a24f-02f63855fe4f",,,,,,"232d7226f00446d882e1e1bd999f7b2d"
"0157ccdee9f34934bd121710b9306345","37baca9f008b480c9278ecf9eebdf2f4","预览","btn_preview",,,,,"0","1","2/11/2020 06:28:23","admin","14/1/2021 09:11:04","admin",,,,"c7159f97177b420d9fc8ec8c74ae541b"
"0226757662aa455d8668ad0e2ffedaf7","-1","删除","btn_remove",,,,,"0","1","20/11/2020 06:48:09","admin",,,,,,"7e0216a209b94ab6973bbc1a766283d8"
"029204b156424edfadcb51f967b325d8","-1","新增","btn_add",,,,,"0","1","13/1/2021 09:15:25","admin",,,,,,"a76e7bd9de984e2caa185f061c9bf2b9"
"03296a9d5a72475ebc79198bdde666b1","-1","删除","btn_remove",,,,,"0","1","10/8/2020 22:50:36","00ca450b-141b-45d2-b6cb-94d818165543",,,,,,"c2122f82fc9c40fca0eb0392d7337e6b"
"041ef959a9004149aa5091dcf03adacc","-1","新增","btn_add",,,,,"0","1","12/1/2021 12:49:49","admin",,,,,,"aca4af1ff2ed4c228c287d44e7608fbf"
"05eb3993cf1f401f8f672e4ddc0625ac","37baca9f008b480c9278ecf9eebdf2f4","导出Excel","btn_exportExcel",,,,,"0","1","2/11/2020 06:47:04","admin",,,,,,"c7159f97177b420d9fc8ec8c74ae541b"
"0627b86dee1e4ce28ddead451480520d","-1","删除","btn_remove","el-icon-delete",,,,"0","1","23/3/2021 07:47:01","admin",,,,,,"c7ded4ca6cf9402f97386051eaedd254"
"06d18e6e8219436ba377d7c26f0f6d97","-1","编辑","btn_edit",,,,,"0","1","10/12/2020 07:36:35","admin",,,,,,"e513dd3187de4d78a4d5396a9442f7e1"
"082403917c3045dc917d66e534d8382f","-1","编辑","btn_edit",,,,,"0","1","21/8/2020 09:46:15","00d9428a-25f5-4ceb-ab9b-1a3c71989bb4",,,,,,"f32e517a0a9e4cf7b2eb80a589a6da9d"
"08240asdasd45dc917d66e534d8382f","-1","编辑","btn_edit",,,,,"0","1","21/8/2020 09:46:15","00d9428a-25f5-4ceb-ab9b-1a3c71989bb4",,,,,,"aad12c217ea047e0814c631c4784f489"
"08240aszxczxczxcd66e534d8382f","-1","编辑","btn_edit",,,,,"0","1","21/8/2020 09:46:15","00d9428a-25f5-4ceb-ab9b-1a3c71989bb4",,,,,,"8ee6ec6db2ac4a5e9b010100c7690798"
"08512e176062401a9ef991d2b3912be6","-1","分类列表","btn_type",,,,,"0","1","16/7/2020 09:59:02",,,,,,,"3F1554C1-4F09-49E7-AC6A-06641BD246CD"
"086ed3ab614b4984bd0bdf65158ee62f","-1","修改备注","btn_remark",,"/Views/WeChat/MPUser/UserForm.html",,,"0","1","26/11/2018 21:59:02","admin","2/11/2020 07:56:54","03d159a3-0f88-424c-a24f-02f63855fe4f",,,,"e6b50a35425d449e947c9040ce053e69"
"0a9439b515bf476aa0402892ea084d7b","-1","创建备份","btn_add",,,,,"0","1","3/2/2018 14:32:20","admin","22/5/2020 14:17:08","admin",,,,"9A638D07-82BC-42CC-B6FB-DEE937CC6FE1"
"0b81c980d09b43bc928f99a8f9af61bb","-1","编辑","btn_edit",,"/Views/System/Message/Form.html",,,"0","1","28/12/2017 15:46:32","admin","2/11/2020 07:26:07","admin",,,,"97310591eada49f7920d73b554c59212"
"0bd56be2ebf74749bd033df265dd48c5","-1","更多","btn_more",,,,,"0","1","3/11/2020 01:54:55","03d159a3-0f88-424c-a24f-02f63855fe4f",,,,,,"232d7226f00446d882e1e1bd999f7b2d"
"0c158863e46f4ddf9acc754b3f0f8149","4b52f375114d4b2ab3d1b4379c7d86f9","预览代码","btn_preview",,,,,"0","1","4/11/2020 07:47:51","03d159a3-0f88-424c-a24f-02f63855fe4f","18/1/2021 03:20:51","admin",,,,"8ee6ec6db2ac4a5e9b010100c7690798"
"0c359bdc7ffc44cc92643d1267771685","-1","编辑","btn_edit",,,,,"0","1","13/1/2021 09:06:47","admin",,,,,,"7bcac6af09c64830a89a3d54487a03f1"
"0d625c89c7fa4ebd961501a044307d91","-1","删除","btn_remove",,,,,"0","1","7/8/2020 10:59:19",,,,,,,"118f8281f52f4719bacbcf1f86adc2e3"
"0f629ec4b85047ea8acf078b4a9a4daf","-1","新建流程","btn_add",,"/Views/WorkFlow/FlowLaunch/FlowItem.html",,,"0","1","28/6/2018 10:34:52","admin","2/11/2020 08:18:06","03d159a3-0f88-424c-a24f-02f63855fe4f",,,,"4d2cb987fd9047d19e010cce01039fea"
"0fc43805f7fc4f2d8d55d6ef0d294acd","-1","新建","btn_add",,"/Views/WorkFlow/FlowEngine/Form.html",,,"0","1","28/6/2018 11:28:38","admin","2/11/2020 08:12:27","03d159a3-0f88-424c-a24f-02f63855fe4f",,,,"fe0150960dd542ec9328067e4495074b"
"0fd5913e38964a0894e4d80749081758","53811f6c7ed5497189a94682a096c2ab","数据权限-编辑","btn_dataPer_edit",,,,,"0","1","16/7/2020 09:36:43",,"16/7/2020 09:36:53","admin",,,,"C9998351-03E7-449D-B911-666E83F8549E"
"112892422f5849ad9478e274aa387fc0","-1","新建模板","btn_add",,,,,"0","1","21/8/2020 09:45:31","00d9428a-25f5-4ceb-ab9b-1a3c71989bb4","2/11/2020 06:49:19","admin",,,,"f32e517a0a9e4cf7b2eb80a589a6da9d"
"112892asdaf5849ad9478e274aa387fc0","-1","新建模板","btn_add",,,,,"0","1","21/8/2020 09:45:31","00d9428a-25f5-4ceb-ab9b-1a3c71989bb4","2/11/2020 06:51:33","admin",,,,"aad12c217ea047e0814c631c4784f489"
"112892asdaf5849ad9zxc2kk387fc0","-1","新建模板","btn_add",,,,,"0","1","21/8/2020 09:45:31","00d9428a-25f5-4ceb-ab9b-1a3c71989bb4","2/11/2020 06:51:48","admin",,,,"8ee6ec6db2ac4a5e9b010100c7690798"
"13078aa4c1214eeeb3eb217102eb674b","e5a513f6ce6844959cadc586dd5a83c9","用户启用","btn_activate",,,,,"0","0","19/10/2017 11:06:36",,"2/11/2020 08:06:44","03d159a3-0f88-424c-a24f-02f63855fe4f",,,,"4DDA6A84-A432-421C-9CE9-DB7A56033B02"
"1316678543ac42eb99157504ca62c264","5c36f740295043c5813b34b452caafd8","预览","btn_preview",,,,,"0","1","16/11/2020 07:31:01","admin","14/1/2021 09:10:49","admin",,,,"f6b7ce17cef147b0bb97abdc6c95e12a"
"13bc9c12d93c41548c8c001d3de1a413","-1","确定","btn_save",,,,,"0","1","22/5/2018 14:47:22","admin","2/11/2020 08:10:51","03d159a3-0f88-424c-a24f-02f63855fe4f",,,,"9057d797550e4457b7ddf2456ce45882"
"151130ff892845a39bc991c78b30e37c","-1","消息发送","btn_add",,"/Views/WeChat/QYMessage/Form.html",,,"0","1","26/11/2018 22:13:10","admin","2/11/2020 08:01:14","03d159a3-0f88-424c-a24f-02f63855fe4f",,,,"529cd6e285de49fea7ee291d98b0ab9f"
"1588d41378ed404b82ae20a1979d6768","-1","项目任务","btn_task",,,,,"0","1","2/11/2020 08:47:03","03d159a3-0f88-424c-a24f-02f63855fe4f","2/11/2020 08:49:00","03d159a3-0f88-424c-a24f-02f63855fe4f",,,,"15349f4c8b6e4ea697b522ffe0b7f360"
"17d80f8ac9ff4cb5a8a9ca7caa43d2d6","-1","编辑","btn_edit",,"/Views/WorkFlow/FlowLaunch/Form.html",,,"0","1","28/6/2018 10:35:09","admin","2/11/2020 08:22:28","03d159a3-0f88-424c-a24f-02f63855fe4f",,,,"4d2cb987fd9047d19e010cce01039fea"
"194f5bd02c584efebffe65cddcff75ef","-1","新建订单","btn_add",,"/Views/Extend/Order/Form.html",,,"0","1","16/1/2018 09:32:39","admin","2/11/2020 08:33:29","03d159a3-0f88-424c-a24f-02f63855fe4f",,,,"F4FCA43A-B563-4149-AB16-486589CFC154"
"1bd0d992b64146eb8389f1d75bcac9ae","0bd56be2ebf74749bd033df265dd48c5","权限分配","btn_authorize",,,,,"0","1","3/11/2020 01:58:13","03d159a3-0f88-424c-a24f-02f63855fe4f","4/11/2020 06:49:19","03d159a3-0f88-424c-a24f-02f63855fe4f",,,,"232d7226f00446d882e1e1bd999f7b2d"
"1ca348b4b0fa458d9068055aeea01040","-1","新增","btn_add","el-icon-plus",,,,"0","1","23/3/2021 07:47:01","admin",,,,,,"c7ded4ca6cf9402f97386051eaedd254"
"1d0046a7f7ce4a11b7a5fe2ba08eb395","-1","删除","btn_remove",,,,,"0","1","19/10/2017 10:39:37",,"2/11/2020 07:43:22","03d159a3-0f88-424c-a24f-02f63855fe4f",,,,"C9998351-03E7-449D-B911-666E83F8549E"
"1e3a407f43eb4a818b5a3f384f7aa1d6","a0791ed1cb0347e380d62cdb23eb8cc6","按钮权限-新建","btn_btnPer_add",,,,,"0","1","16/7/2020 09:30:52",,,,,,,"C9998351-03E7-449D-B911-666E83F8549E"
"1f5d6d78b15a4c6ab192016ca58c2023","-1","删除","btn_remove",,,,,"0","1","19/10/2017 11:05:17",,"2/11/2020 08:06:37","03d159a3-0f88-424c-a24f-02f63855fe4f",,,,"4DDA6A84-A432-421C-9CE9-DB7A56033B02"
"202f0b2a501c44d6934e1ae3e74f0d89","-1","详情","btn_detail",,,,,"0","1","18/1/2021 05:44:26","admin",,,,,,"5b435fb056fa42d39c26e3b11829aa4d"
"21524536449a482381f771c4dc92d62d","-1","新建","btn_add",,"/Views/PlatForm/DbLink/Form.html",,,"0","1","29/11/2018 14:31:30","admin","2/11/2020 07:48:25","03d159a3-0f88-424c-a24f-02f63855fe4f",,,,"ef96d397af964fb7a4363c516270a4f4"
"23b0dd09ebb14427a8d23edcb70bca79","-1","新建","btn_add",,,,,"0","1","20/11/2020 06:53:30","admin",,,,,,"deeed3d0cf27412696f178fd8fc407a0"
"24a4a0e5ba0d4c2b8ea967156af9254c","-1","消息发送","btn_add",,"/Views/WeChat/MPMessage/Form.html",,,"0","1","26/11/2018 22:02:26","admin","22/5/2020 14:35:04","admin",,,,"e2790019271d4913b3c077447487be16"
"24c7f057d6b140a0ade613ea526132c2","-1","新增","btn_add",,,,,"0","1","13/1/2021 02:12:32","admin",,,,,,"4b5cb2a3f6d4493cb017d06d9eacdadf"
"24d46e4935684976bc6362cc5a78887c","-1","编辑","btn_edit",,,,,"0","1","2/11/2020 06:33:26","admin",,,,,,"6bc2d4f16bad4e6897ba837a5c515f16"
"261b69cb25d74bd9ac5d1eb6eacd0478","-1","导出","btn_download",,,,,"0","1","18/1/2021 05:44:26","admin",,,,,,"5b435fb056fa42d39c26e3b11829aa4d"
"26fca34b4e194319a18002237a14b87a","-1","删除","btn_remove",,,,,"0","1","26/11/2018 21:53:25","admin","2/11/2020 07:56:23","03d159a3-0f88-424c-a24f-02f63855fe4f",,,,"698d6192107142c4888901b7a427a8ba"
"2873da7183104faab5318fa5440c61a5","-1","新增","btn_add",,,,,"0","1","18/1/2021 05:44:26","admin",,,,,,"5b435fb056fa42d39c26e3b11829aa4d"
"2890c0b554534b10a4c85a27e0f20565","-1","上传素材","btn_add",,"/Views/WeChat/MPMaterial/Form.html",,,"0","1","26/11/2018 22:04:59","admin","2/11/2020 07:58:31","03d159a3-0f88-424c-a24f-02f63855fe4f",,,,"aa12ebbd21d644b0bc8e77cf5abaed27"
"28db3e3f75134f619bf07a8014d5d22c","7b38b85687cf4a89be6fb15d1ae18092","角色成员","btn_member",,"/Views/Permission/UserRelation/Index.html",,,"0","1","13/11/2017 17:39:15","admin","2/11/2020 08:09:24","03d159a3-0f88-424c-a24f-02f63855fe4f",,,,"07029F61-993A-4A46-BF56-20DE382F4F66"
"29ea4af3e9834152bbdb1d870e159cd7","-1","详情","btn_detail",,"/Views/WorkFlow/FlowBefore/Audit.html",,,"0","1","7/12/2019 18:06:58","admin","2/11/2020 08:28:00","03d159a3-0f88-424c-a24f-02f63855fe4f",,,,"a8a67a231b924cf88981b61359179d06"
"2cd9210677544e96953512fd8df6837a","-1","更多","btn_more",,,,,"0","1","9/11/2020 01:13:29","admin",,,,,,"97310591eada49f7920d73b554c59212"
"2ce5d4e0c6914d46af42caf2558e4d5f","-1","停止","btn_stop",,,,,"0","1","13/12/2017 09:43:29","admin","2/11/2020 07:28:06","admin",,,,"1e27a0ad83e44c2a83a2a0954eb4f1cb"
"2f0f6f89348b41a18dfcac33062e244e","-1","详情","btn_detail","el-icon-tickets",,,,"0","1","23/3/2021 07:47:01","admin",,,,,,"c7ded4ca6cf9402f97386051eaedd254"
"2fc3e8ed26594df8b1ed3bc977c209c5","0bd56be2ebf74749bd033df265dd48c5","复制","btn_copy",,,,,"0","1","3/11/2020 01:56:05","03d159a3-0f88-424c-a24f-02f63855fe4f","14/1/2021 09:21:19","admin",,,,"232d7226f00446d882e1e1bd999f7b2d"
"326682d1f1234a56a43c1c7ccb73de86","-1","保存","btn_save",,,,,"0","1",,,"2/11/2020 07:55:34","03d159a3-0f88-424c-a24f-02f63855fe4f",,,,"c73a0671b12549109148d016109f7830"
"32d38976c89e4ca485e2d3f987afd21b","-1","编辑","btn_edit",,"/Views/PlatForm/TimeTask/Form.html",,,"0","1","13/12/2017 09:42:54","admin","2/11/2020 07:27:42","admin",,,,"1e27a0ad83e44c2a83a2a0954eb4f1cb"
"32fe11d6daa74d83982a3fc7c4c11ca1","53811f6c7ed5497189a94682a096c2ab","数据权限-删除","btn_dataPer_remove",,,,,"0","1","16/7/2020 09:37:20",,,,,,,"C9998351-03E7-449D-B911-666E83F8549E"
"3324c12d69034ea6a9373d51ffe55472","-1","清空所有","btn_clearAll",,,,"清空缓存","0","1","1/8/2018 17:41:24","admin","2/11/2020 07:33:11","admin",,,,"3c0370e4f96f4e6282ed691744235d37"
"338de979de9c4ea8991e9ab9481f8d6b","-1","编辑","btn_edit",,,,,"0","1","20/11/2020 06:53:45","admin",,,,,,"deeed3d0cf27412696f178fd8fc407a0"
"33e7d1fd7d2c4d19b273c58de5858b63","-1","编辑","btn_edit",,,,,"0","1","12/8/2020 15:23:45","00ca450b-141b-45d2-b6cb-94d818165543",,,,,,"c7159f97177b420d9fc8ec8c74ae541b"
"34a438a0da8d4186a840c6c43c9c31be","-1","删除","btn_remove",,,,,"0","1","21/8/2020 09:46:48","00d9428a-25f5-4ceb-ab9b-1a3c71989bb4",,,,,,"f32e517a0a9e4cf7b2eb80a589a6da9d"
"34a438aadsad4186a840c6c43c9c31be","-1","删除","btn_remove",,,,,"0","1","21/8/2020 09:46:48","00d9428a-25f5-4ceb-ab9b-1a3c71989bb4",,,,,,"aad12c217ea047e0814c631c4784f489"
"37baca9f008b480c9278ecf9eebdf2f4","-1","更多","btn_more",,,,,"0","1","12/8/2020 16:12:59",,,,,,,"c7159f97177b420d9fc8ec8c74ae541b"
"38176aa5c48f421ea42fd3de7e476f8f","-1","详情","btn_detail",,,,,"0","1","16/12/2020 06:54:15","admin",,,,,,"a4fc0d5620364bcfa93ab7223f56dd65"
"3840f6b5851e4bb7a375422b51c53442","5c36f740295043c5813b34b452caafd8","复制","btn_copy",,,,,"0","1","17/8/2020 03:25:39","00d9428a-25f5-4ceb-ab9b-1a3c71989bb4","16/11/2020 07:31:52","admin",,,,"f6b7ce17cef147b0bb97abdc6c95e12a"
"39dc358f8a8a4622a0a03a3f006ea491","-1","删除","btn_remove",,,,,"0","1","13/11/2018 14:50:23","admin","2/11/2020 07:45:15","03d159a3-0f88-424c-a24f-02f63855fe4f",,,,"7147a8c641534b3db0bad7c6852017f4"
"3cd2ec153b6947cdb2af8c0009bdd759","-1","新建","btn_add",,"/Views/System/Message/Form.html",,,"0","1","28/12/2017 14:51:34","admin","2/11/2020 07:25:35","admin",,,,"97310591eada49f7920d73b554c59212"
"3ed2301580504cb1bb9380236934eaf3","-1","新增","btn_add",,,,,"0","1","13/1/2021 08:46:24","admin",,,,,,"f81751dd7f164236b1fe76770e44f9eb"
"40346b528865450aad0179ca71a4e86d","-1","编辑","btn_edit",,,,,"0","1","18/1/2021 05:44:26","admin",,,,,,"5b435fb056fa42d39c26e3b11829aa4d"
"40e796ffc42a4f9ebb0ab9fd37e621dd","-1","删除","btn_remove",,,,,"0","1","16/7/2020 11:11:09",,,,,,,"564f7317aadb4a608bb45393f5498876"
"41e49709393644fdadb6edb5335b1b7b","-1","导出","btn_download",,,,,"0","1","20/11/2020 06:50:53","admin","20/11/2020 07:52:11","admin",,,,"7e0216a209b94ab6973bbc1a766283d8"
"4263158a4951458a95cc297be4788dd7","-1","保存","btn_save",,,,,"0","1","17/11/2017 14:51:00","admin","2/11/2020 07:22:18","admin",,,,"223DD382-E2C4-475C-B733-50EFF06D7A54"
"42d4d1dbe96f43a9affd452822a8951b","a8a6c05829ac4c30a4c0e67dcbe4aaea","列表权限-新增","btn_columnPer_add",,,,,"0","1","16/7/2020 09:34:02",,"16/7/2020 09:35:02","admin",,,,"C9998351-03E7-449D-B911-666E83F8549E"
"42e891a82cac42a1a251aaa88cfb68de","08512e176062401a9ef991d2b3912be6","分类列表-新增","btn_type_add",,,,,"0","1","16/7/2020 09:59:37",,,,,,,"3F1554C1-4F09-49E7-AC6A-06641BD246CD"
"43c9f0c1ea3743e18d7f99fd396e430c","-1","新建大屏","btn_add",,,,,"0","1","2/11/2020 06:26:06","admin","2/11/2020 06:40:21","admin",,,,"6bc2d4f16bad4e6897ba837a5c515f16"
"44f3150370364497a0873fffe5048633","-1","详情","btn_detail",,"/Views/WorkFlow/FlowBefore/Audit.html",,,"0","1","28/6/2018 10:56:39","admin","4/11/2020 07:23:50","03d159a3-0f88-424c-a24f-02f63855fe4f",,,,"856131bc6e2b4b16aa79d35ba5234e78"
"455611bf98674ef7abdba76a9d2ab24d","-1","删除","btn_remove",,,,,"0","1","17/8/2020 03:25:08","00d9428a-25f5-4ceb-ab9b-1a3c71989bb4",,,,,,"f6b7ce17cef147b0bb97abdc6c95e12a"
"46d8e8a5c7674ba981a4f15f27643459","-1","删除","btn_remove",,,,,"0","1","3/11/2020 01:54:13","03d159a3-0f88-424c-a24f-02f63855fe4f",,,,,,"232d7226f00446d882e1e1bd999f7b2d"
"4790b74de7a540ae972f858c2a9989f7","-1","删除","btn_remove",,,,,"0","1","2/11/2020 06:35:48","admin","2/11/2020 09:48:03","03d159a3-0f88-424c-a24f-02f63855fe4f",,,,"6bc2d4f16bad4e6897ba837a5c515f16"
"485e5e0ebc6944858c0000a9291dc2a5","-1","新建菜单","btn_add",,"/Views/WeChat/MPMenu/Form.html",,,"0","1","26/11/2018 21:51:32","admin","2/11/2020 07:55:55","03d159a3-0f88-424c-a24f-02f63855fe4f",,,,"698d6192107142c4888901b7a427a8ba"
"493a6dfa26644b8dbd220c3263fccdc6","c088b5e1a85a4b738e98594e3dd6cd4f","复制模板","btn_copy",,,,,"0","1","21/8/2020 09:48:21","00d9428a-25f5-4ceb-ab9b-1a3c71989bb4",,,,,,"f32e517a0a9e4cf7b2eb80a589a6da9d"
"493a6dfasda4b8dbd220c3263fccdc6","c088ads5a4b738e98594e3dd6cd4f","复制模板","btn_copy",,,,,"0","1","21/8/2020 09:48:21","00d9428a-25f5-4ceb-ab9b-1a3c71989bb4","21/8/2020 09:59:00","00d9428a-25f5-4ceb-ab9b-1a3c71989bb4",,,,"aad12c217ea047e0814c631c4784f489"
"49c710f0197f4013aff825084c049de7","-1","编辑","btn_edit",,,,,"0","1","17/8/2020 03:28:30","00d9428a-25f5-4ceb-ab9b-1a3c71989bb4","15/9/2020 01:44:37","admin",,,,"85cd7bca426e49ce83a061bf461b1447"
"4ae19ce923a2403996cef2f5bb306ba1","b82c5e883802450894d187cf2b2130a2","岗位成员","btn_member",,"/Views/Permission/UserRelation/Index.html",,,"0","1","14/11/2017 09:51:31","admin","2/11/2020 08:04:59","03d159a3-0f88-424c-a24f-02f63855fe4f",,,,"E5AA0952-44FB-4FB9-B888-C6B78EF96836"
"4af8c5d0cdd0444f98538d3912ad96a4","-1","新建门户","btn_add",,,,,"0","1","3/11/2020 01:53:20","03d159a3-0f88-424c-a24f-02f63855fe4f",,,,,,"232d7226f00446d882e1e1bd999f7b2d"
"4b52f375114d4b2ab3d1b4379c7d86f9","-1","更多","btn_more",,,,,"0","1","21/8/2020 10:01:52","00d9428a-25f5-4ceb-ab9b-1a3c71989bb4",,,,,,"8ee6ec6db2ac4a5e9b010100c7690798"
"4bb3e79bf39b435eb1061b555eb6690a","-1","审批流","btn_flow",,,,,"0","1","6/12/2019 15:47:09","admin","2/11/2020 08:35:59","03d159a3-0f88-424c-a24f-02f63855fe4f",,,,"F4FCA43A-B563-4149-AB16-486589CFC154"
"4d31f49091de4fb0bea70269da403bcf","-1","删除","btn_remove",,,,,"0","1","16/12/2020 06:54:15","admin",,,,,,"a4fc0d5620364bcfa93ab7223f56dd65"
"4f1a0783b4cb4cab9e2afc24d24fabc2","-1","详情","btn_detail",,,,,"0","1","20/11/2020 06:54:14","admin",,,,,,"deeed3d0cf27412696f178fd8fc407a0"
"52a710474ee143338705ad726e28e082","a7cdae31b01745d7808bd1587729f7b8","预览表单","btn_preview",,,,,"0","1","28/6/2018 11:30:03","admin","2/11/2020 08:17:14","03d159a3-0f88-424c-a24f-02f63855fe4f",,,,"fe0150960dd542ec9328067e4495074b"
"52ce6faddda04ba2b249c5ca0ccb93cf","-1","新建项目","btn_add",,,,,"0","1","2/11/2020 08:44:16","03d159a3-0f88-424c-a24f-02f63855fe4f",,,,,,"15349f4c8b6e4ea697b522ffe0b7f360"
"530b93660ad14f3e985bd1edbf6c80aa","-1","编辑","btn_edit",,"/Views/PlatForm/DbTable/Form.html",,,"0","1","7/9/2018 13:44:45","admin","2/11/2020 07:49:48","03d159a3-0f88-424c-a24f-02f63855fe4f",,,,"c50f18d0568244a5b85878050bbc5a40"
"531591f155ec4483a10d38d73415f788","-1","设置标签","btn_tagged",,,,,"0","1","26/11/2018 22:00:58","admin","2/11/2020 07:57:09","03d159a3-0f88-424c-a24f-02f63855fe4f",,,,"e6b50a35425d449e947c9040ce053e69"
"53811f6c7ed5497189a94682a096c2ab","-1","数据权限","btn_dataPer",,,,,"0","1","16/7/2020 09:28:02",,"16/7/2020 09:29:10","admin",,,,"C9998351-03E7-449D-B911-666E83F8549E"
"5389e016150c4e86aed336102a4b18fb","-1","导出","btn_download",,,,,"0","1","13/1/2021 09:15:25","admin",,,,,,"a76e7bd9de984e2caa185f061c9bf2b9"
"53bb55c175024d4fb434cfca6a8a0e4f","-1","新建","btn_add",,"/Views/System/Province/Form.html",,,"0","1","13/11/2018 14:48:38","admin","2/11/2020 07:44:49","03d159a3-0f88-424c-a24f-02f63855fe4f",,,,"7147a8c641534b3db0bad7c6852017f4"
"547903ced61247b79e9929fc95983b2b","a8a6c05829ac4c30a4c0e67dcbe4aaea","列表权限-删除","btn_columnPer_remove",,,,,"0","1","16/7/2020 09:35:35",,,,,,,"C9998351-03E7-449D-B911-666E83F8549E"
"54db569dc48b4182855d0191cdf35a3c","-1","详情","btn_detail",,,,,"0","1","20/11/2020 06:48:53","admin",,,,,,"7e0216a209b94ab6973bbc1a766283d8"
"568f4ad50b784694b9a80e1bcd5f184a","-1","删除","btn_remove",,,,,"0","1","28/6/2018 10:35:35","admin","2/11/2020 08:22:40","03d159a3-0f88-424c-a24f-02f63855fe4f",,,,"4d2cb987fd9047d19e010cce01039fea"
"5a00e50dadc64afbb4ab581c1a8e8ace","-1","更多","btn_more",,,,,"0","1","10/8/2020 23:19:38","00ca450b-141b-45d2-b6cb-94d818165543",,,,,,"c2122f82fc9c40fca0eb0392d7337e6b"
"5a8dab0240da40928cb735aa578e9462","-1","删除","btn_remove",,,,,"0","1","3/2/2018 14:33:44","admin","22/5/2020 14:17:12","admin",,,,"9A638D07-82BC-42CC-B6FB-DEE937CC6FE1"
"5b9b4b7de2294c1f98c34f4cd9e9b2b6","-1","详情","btn_detail",,,,,"0","1","13/1/2021 09:06:47","admin",,,,,,"7bcac6af09c64830a89a3d54487a03f1"
"5bd920959f28414f8006c9dc8d0ff11a","-1","删除","btn_remove",,,,,"0","1","12/1/2021 12:49:49","admin",,,,,,"aca4af1ff2ed4c228c287d44e7608fbf"
"5c1f76d9e0ef4054aa0bd9e36ea33491","-1","编辑","btn_edit",,,,,"0","1","16/7/2020 11:10:47",,,,,,,"564f7317aadb4a608bb45393f5498876"
"5c36f740295043c5813b34b452caafd8","-1","更多","btn_more",,,,,"0","1","16/11/2020 07:30:39","admin",,,,,,"f6b7ce17cef147b0bb97abdc6c95e12a"
"5e6a8e6351ee46ddb0e1eb74ee049c3f","-1","强制下线","btn_remove",,,,,"0","1","19/10/2017 11:11:18",,"2/11/2020 08:11:18","03d159a3-0f88-424c-a24f-02f63855fe4f",,,,"A62AB009-57F1-4FF5-9198-B31F17E88231"
"5e7f1b28bbc5473a8e12ae9505049bf3","-1","编辑","btn_edit","el-icon-edit",,,,"0","1","23/3/2021 08:14:02","admin",,,,,,"919e37b2a46d48d8a54152cd6e50627d"
"6042a7268d7a4f15bc550c0361cbaed9","-1","编辑","btn_edit",,,,,"0","1","19/1/2021 10:38:07","admin",,,,,,"0be9192d6244490bb8dee3c7c2237265"
"61627def00a24af99656d0a485d6cee0","c088ads5a4b738e98594e3dd6cd4f","下载代码","btn_download",,,,,"0","1","21/8/2020 09:49:01","00d9428a-25f5-4ceb-ab9b-1a3c71989bb4","21/8/2020 09:59:10","00d9428a-25f5-4ceb-ab9b-1a3c71989bb4",,,,"aad12c217ea047e0814c631c4784f489"
"61667def00a24af99656d0a485d6cee0","c088b5e1a85a4b738e98594e3dd6cd4f","下载代码","btn_download",,,,,"0","1","21/8/2020 09:49:01","00d9428a-25f5-4ceb-ab9b-1a3c71989bb4",,,,,,"f32e517a0a9e4cf7b2eb80a589a6da9d"
"621f0db12c434438a6734776336ef764","-1","新建报表","btn_add",,,,,"0","1","12/8/2020 15:22:03","00ca450b-141b-45d2-b6cb-94d818165543","2/11/2020 06:27:43","admin",,,,"c7159f97177b420d9fc8ec8c74ae541b"
"625bc15af5924b478ca0aecf07d7e9e4","7b38b85687cf4a89be6fb15d1ae18092","角色权限","btn_authorize",,"/Views/Permission/Authorize/Item.html",,,"0","1","19/10/2017 10:56:52",,"2/11/2020 08:09:46","03d159a3-0f88-424c-a24f-02f63855fe4f",,,,"07029F61-993A-4A46-BF56-20DE382F4F66"
"6284a2366078457f8577dbffaf8e299b","-1","新建","btn_add",,,,,"0","1","6/8/2020 22:51:45","00ca450b-141b-45d2-b6cb-94d818165543",,,,,,"118f8281f52f4719bacbcf1f86adc2e3"
"62d9be93635649bd9a0d3974341a660c","-1","编辑","btn_edit",,"/Views/WorkFlow/FlowDelegate/Form.html",,,"0","1","28/6/2018 11:01:30","admin","2/11/2020 08:28:59","03d159a3-0f88-424c-a24f-02f63855fe4f",,,,"55c06bb3b2124b0c83d17c5ef82450f5"
"633773c305734d93bf8dfd9c43ee632e","-1","删除","btn_remove",,,,,"0","1","13/1/2021 09:06:47","admin",,,,,,"7bcac6af09c64830a89a3d54487a03f1"
"64257de5c7bb4035be433cf6f88912be","-1","新建","btn_add",,,,,"0","1","20/11/2020 06:47:29","admin",,,,,,"7e0216a209b94ab6973bbc1a766283d8"
"64d47f6a6cbe4105a223b212c09118ca","4b52f375114d4b2ab3d1b4379c7d86f9","下载代码","btn_download",,,,,"0","1","21/8/2020 10:02:59","00d9428a-25f5-4ceb-ab9b-1a3c71989bb4",,,,,,"8ee6ec6db2ac4a5e9b010100c7690798"
"6558e285bebb45fa9fb77938f0bb6ba6","-1","新增","btn_add",,,,,"0","1","12/12/2020 13:07:30","048657c1-ecb1-4e5d-aced-6126ceae779e",,,,,,"a05d850763064e1081420c34652f7f35"
"695fa886435d4a98b283d5aaef7b0691","-1","编辑","btn_edit",,"/Views/System/Dictionary/Form.html",,,"0","1","9/11/2017 13:53:21",,"2/11/2020 07:53:07","03d159a3-0f88-424c-a24f-02f63855fe4f",,,,"3F1554C1-4F09-49E7-AC6A-06641BD246CD"
"695fb9051a8c48d6ba4d2a3581cd3f75","-1","删除","btn_remove",,,,,"0","1","20/4/2018 11:39:27","admin","2/11/2020 07:47:54","03d159a3-0f88-424c-a24f-02f63855fe4f",,,,"d1d4cce0e6bd4346a4de288d8ea560b1"
"6964c4b1018542a6a2fd39f0e8046e9e","a8a6c05829ac4c30a4c0e67dcbe4aaea","批量新增","btn_columnPer_batchAdd",,,,,"0","1","16/7/2020 09:49:04",,"16/7/2020 09:49:23","admin",,,,"C9998351-03E7-449D-B911-666E83F8549E"
"6af9b06526544604a937d792e11b94ac","-1","编辑","btn_edit",,,,,"0","1","13/1/2021 08:46:24","admin",,,,,,"f81751dd7f164236b1fe76770e44f9eb"
"6c0b09efbb374a4787e8211dc657f67d","4bb3e79bf39b435eb1061b555eb6690a","撤回审核","btn_flowRevoke",,,,,"0","1","6/12/2019 15:47:41","admin","2/11/2020 09:17:36","03d159a3-0f88-424c-a24f-02f63855fe4f",,,,"F4FCA43A-B563-4149-AB16-486589CFC154"
"6d46ee9fea324478921f8bddaacb03b4","-1","同步部门","btn_sync_department",,,,,"0","1","26/11/2018 22:11:03","admin","2/11/2020 08:00:29","03d159a3-0f88-424c-a24f-02f63855fe4f",,,,"e705a1d2caf54d5d9a5827db0ceab585"
"6d7beb4ce6af42738e5e3d8be272f069","-1","编辑","btn_edit",,,,,"0","1","17/8/2020 03:24:43","00d9428a-25f5-4ceb-ab9b-1a3c71989bb4",,,,,,"f6b7ce17cef147b0bb97abdc6c95e12a"
"6f1a12f6a0cf4376a496baaf1c5970bd","2cd9210677544e96953512fd8df6837a","发布","btn_release",,,,,"0","1","28/12/2017 14:52:57","admin","9/11/2020 01:13:54","admin",,,,"97310591eada49f7920d73b554c59212"
"6f3aa753e37e4694a50570f49cfd2d7b","-1","编辑","btn_edit",,,,,"0","1","16/7/2020 11:12:04",,,,,,,"380C9373-8BB8-4A86-822C-5C09031800C9"
"740512d73e974e6890b03d189c0ff22d","-1","编辑","btn_edit",,,,,"0","1","19/1/2021 10:59:19","admin",,,,,,"12f57de476a34980b80d2a8b21d1f11a"
"748e189feb2843be83f7b295ab05c53c","-1","删除","btn_remove",,,,,"0","1","13/1/2021 02:12:32","admin",,,,,,"4b5cb2a3f6d4493cb017d06d9eacdadf"
"74cdc976219449ac8744a255d56df30c","-1","编辑","btn_edit",,"/Views/Extend/Order/Form.html",,,"0","1","16/1/2018 09:33:15","admin","2/11/2020 08:33:42","03d159a3-0f88-424c-a24f-02f63855fe4f",,,,"F4FCA43A-B563-4149-AB16-486589CFC154"
"76ba8666de1a49d992669f638de4d0f5","-1","预览","btn_preview",,,,,"0","1","2/11/2020 06:37:03","admin","14/1/2021 09:13:23","admin",,,,"6bc2d4f16bad4e6897ba837a5c515f16"
"76dbd68502a3454ca7b9aacf0483ef5d","-1","删除","btn_clear",,,,,"0","1","30/10/2018 17:28:15","admin","2/11/2020 08:38:44","03d159a3-0f88-424c-a24f-02f63855fe4f",,,,"3c0370e4f96f4e6282ed691744235d37"
"791dc934caf44dc5a05e43570d0da87f","-1","删除","btn_remove",,,,,"0","1","19/10/2017 10:51:43",,"2/11/2020 08:03:13","03d159a3-0f88-424c-a24f-02f63855fe4f",,,,"E5AA0952-44FB-4FB9-B888-C6B78EF96836"
"792aef6ea51d4a46b74bd6f5e260998a","acc2fca05b17426dac56b1104fa4f88d","复制","btn_copy",,,,,"0","1","17/8/2020 03:29:26","00d9428a-25f5-4ceb-ab9b-1a3c71989bb4","17/11/2020 00:39:17","admin",,,,"85cd7bca426e49ce83a061bf461b1447"
"7983eeda14cf4a0d9a7c67abfe500409","-1","新建表单","btn_add",,,,,"0","1","17/8/2020 03:24:20","00d9428a-25f5-4ceb-ab9b-1a3c71989bb4","18/1/2021 02:58:48","admin",,,,"f6b7ce17cef147b0bb97abdc6c95e12a"
"79df5b5f3966472a958513a484476a74","-1","编辑","btn_edit",,,,,"0","1","12/12/2020 13:07:30","048657c1-ecb1-4e5d-aced-6126ceae779e",,,,,,"a05d850763064e1081420c34652f7f35"
"7a29edcb245b455580352ace51ab3c63","-1","删除","btn_remove",,,,,"0","1","13/1/2021 08:46:24","admin",,,,,,"f81751dd7f164236b1fe76770e44f9eb"
"7a88b9467bd147fd8e22dedd43d32dfc","-1","撤回","btn_recall",,,,,"0","1","7/12/2019 18:06:36","admin","2/11/2020 08:27:40","03d159a3-0f88-424c-a24f-02f63855fe4f",,,,"a8a67a231b924cf88981b61359179d06"
"7b38b85687cf4a89be6fb15d1ae18092","-1","更多","btn_more",,,,,"0","1","19/10/2017 10:56:38",,"2/11/2020 08:09:10","03d159a3-0f88-424c-a24f-02f63855fe4f",,,,"07029F61-993A-4A46-BF56-20DE382F4F66"
"7c287196d73941bdaf33b1a9baa81ec7","-1","删除","btn_remove",,,,,"0","1","26/1/2018 11:08:40","admin","2/11/2020 07:42:03","03d159a3-0f88-424c-a24f-02f63855fe4f",,,,"0BF2E270-E214-4D3B-9F7C-D5B000068202"
"7dadf9554716405dba26ac1c03d358fb","-1","导出","btn_download","el-icon-download",,,,"0","1","23/3/2021 07:47:01","admin",,,,,,"c7ded4ca6cf9402f97386051eaedd254"
"815a99c3af5341eb8999a704e1291043","-1","详情","btn_detail",,,,,"0","1","20/1/2021 02:15:39","admin",,,,,,"12f57de476a34980b80d2a8b21d1f11a"
"827990a8f40c43eeb3cf5e01c50c1310","-1","删除","btn_remove",,,,,"0","1","12/12/2020 13:07:30","048657c1-ecb1-4e5d-aced-6126ceae779e",,,,,,"a05d850763064e1081420c34652f7f35"
"82c848b8dae1472a8954a2e7918241e4","-1","删除","btn_remove",,,,,"0","1","31/7/2020 09:35:58","admin",,,,,,"1e27a0ad83e44c2a83a2a0954eb4f1cb"
"831c602c54234b7da520d150d2a36389","-1","删除","btn_remove",,,,,"0","1","19/1/2021 10:59:19","admin",,,,,,"12f57de476a34980b80d2a8b21d1f11a"
"83d14c6fce1d49d8aeaf54d6ecec77d7","-1","终止","btn_cancel",,,,,"0","1","28/6/2018 10:57:03","admin","22/5/2020 14:30:37","admin",,,,"856131bc6e2b4b16aa79d35ba5234e78"
"8707f9179dbe4efeb6dc758a3f522bfd","-1","常用字段","btn_field",,,,"常用字段","0","1","6/8/2020 13:44:31","00d9428a-25f5-4ceb-ab9b-1a3c71989bb4","15/10/2020 11:15:48","admin",,,,"c50f18d0568244a5b85878050bbc5a40"
"8929bf64b73a4a8aaa7e94e3acfe117a","e5a513f6ce6844959cadc586dd5a83c9","重置密码","btn_password",,,,,"0","1","19/10/2017 11:05:42",,"2/11/2020 08:07:23","03d159a3-0f88-424c-a24f-02f63855fe4f",,,,"4DDA6A84-A432-421C-9CE9-DB7A56033B02"
"8c8c6efa6efa4701a4dbc3961413dd81","-1","撤回","btn_revoke",,,,,"0","1","28/6/2018 10:36:12","admin","2/11/2020 08:23:55","03d159a3-0f88-424c-a24f-02f63855fe4f",,,,"4d2cb987fd9047d19e010cce01039fea"
"8c95a9bcc3af4c03a85c370e15d85019","-1","删除","btn_remove",,,,,"0","1","26/11/2018 22:05:46","admin","2/11/2020 07:58:45","03d159a3-0f88-424c-a24f-02f63855fe4f",,,,"aa12ebbd21d644b0bc8e77cf5abaed27"
"8d441325ef13441f8f48421dc54b83e7","-1","新建","btn_add",,,,,"0","1","16/7/2020 11:11:42",,,,,,,"380C9373-8BB8-4A86-822C-5C09031800C9"
"8d4724623a3445f9904046be504cf4d9","-1","新增","btn_add",,,,,"0","1","10/12/2020 07:36:35","admin",,,,,,"e513dd3187de4d78a4d5396a9442f7e1"
"8f0eabe4c1634eb78dc1fc94347cdbd9","-1","详情","btn_detail",,,,,"0","1","12/1/2021 12:49:49","admin",,,,,,"aca4af1ff2ed4c228c287d44e7608fbf"
"8f4a2a0c20d14872b7beb06f1b65a5dc","e5a513f6ce6844959cadc586dd5a83c9","用户停用","btn_disable",,,,,"0","0","19/10/2017 11:06:48",,"2/11/2020 08:06:57","03d159a3-0f88-424c-a24f-02f63855fe4f",,,,"4DDA6A84-A432-421C-9CE9-DB7A56033B02"
"8f6ceb6c0a384ecf8a200b15a6d2d9c0","a0791ed1cb0347e380d62cdb23eb8cc6","按钮权限-删除","btn_btnPer_remove",,,,,"0","1","16/7/2020 09:31:58",,"16/7/2020 09:34:52","admin",,,,"C9998351-03E7-449D-B911-666E83F8549E"
"90ac92e6c28d4f47aaea8a98a0f1d8a3","a7cdae31b01745d7808bd1587729f7b8","复制流程","btn_copy",,,,,"0","1","28/6/2018 11:29:50","admin","2/11/2020 09:00:39","03d159a3-0f88-424c-a24f-02f63855fe4f",,,,"fe0150960dd542ec9328067e4495074b"
"91a7ebfce57640e3a69be9ec29746787","-1","编辑","btn_edit",,"/Views/System/Menu/Form.html",,,"0","1","19/10/2017 10:39:21",,"2/11/2020 07:43:06","03d159a3-0f88-424c-a24f-02f63855fe4f",,,,"C9998351-03E7-449D-B911-666E83F8549E"
"9233bd553268454e921b82d2503a0d39","-1","删除","btn_remove",,,,,"0","1","20/11/2020 06:54:00","admin",,,,,,"deeed3d0cf27412696f178fd8fc407a0"
"92e75e1e7c4145d3b8212a2fe362dc39","-1","删除","btn_remove",,,,,"0","1","19/10/2017 10:55:06",,"2/11/2020 08:08:55","03d159a3-0f88-424c-a24f-02f63855fe4f",,,,"07029F61-993A-4A46-BF56-20DE382F4F66"
"93368d15b732445ca08593dee0ef6db0","-1","编辑","btn_edit",,,,,"0","1","12/1/2021 12:49:49","admin",,,,,,"aca4af1ff2ed4c228c287d44e7608fbf"
"936c723ef4164ad2942d2692913f1db0","-1","详情","btn_detail",,,,,"0","1","16/1/2018 09:35:22","admin","2/11/2020 08:34:40","03d159a3-0f88-424c-a24f-02f63855fe4f",,,,"F4FCA43A-B563-4149-AB16-486589CFC154"
"940a158dec804445871aefb2f127766f","-1","新增","btn_add","el-icon-plus",,,,"0","1","23/3/2021 08:14:02","admin",,,,,,"919e37b2a46d48d8a54152cd6e50627d"
"955d5292a48c4b889c4731e9f18831a7","-1","数据同步","btn_Execute",,,,,"0","1","7/9/2018 13:52:27","admin","2/11/2020 07:51:48","03d159a3-0f88-424c-a24f-02f63855fe4f",,,,"c2975d9023534cadb5a4fd6af9d1d1d8"
"9691a3545b3e44c4b778e83fe75d91ef","08512e176062401a9ef991d2b3912be6","分类列表-删除","btn_type_remove",,,,,"0","1","16/7/2020 10:00:29",,,,,,,"3F1554C1-4F09-49E7-AC6A-06641BD246CD"
"977d263e7dda4205b10c491f631166a9","-1","编辑","btn_edit",,,,,"0","1","7/8/2020 10:58:48",,,,,,,"118f8281f52f4719bacbcf1f86adc2e3"
"9788a08727b043f6939189ceb9cfdf00","-1","删除","btn_remove",,,,,"0","1","16/7/2020 11:12:29",,,,,,,"380C9373-8BB8-4A86-822C-5C09031800C9"
"9b47bc348a8840e09056bd74d94f9643","-1","删除","btn_remove",,,,,"0","1","16/1/2018 09:33:51","admin","2/11/2020 08:33:55","03d159a3-0f88-424c-a24f-02f63855fe4f",,,,"F4FCA43A-B563-4149-AB16-486589CFC154"
"a01c8ba03e2c4242a546ac8739bd7d84","-1","更多","btn_more",,,,,"0","1","2/11/2020 07:09:34","admin",,,,,,"C9998351-03E7-449D-B911-666E83F8549E"
"a04e41a3a6064c8db4fdcaf8ee26f5d2","-1","详情","btn_detail",,,,,"0","1","13/1/2021 02:12:32","admin",,,,,,"4b5cb2a3f6d4493cb017d06d9eacdadf"
"a0791ed1cb0347e380d62cdb23eb8cc6","-1","按钮权限","btn_btnPer",,,,,"0","1","16/7/2020 09:26:12",,,,,,,"C9998351-03E7-449D-B911-666E83F8549E"
"a0b6e5274e6d45ebaf2d90ef50237234","37baca9f008b480c9278ecf9eebdf2f4","导出Word","btn_exportWord",,,,,"0","1","2/11/2020 06:47:35","admin",,,,,,"c7159f97177b420d9fc8ec8c74ae541b"
"a15b14b03af544b19368b2ea3e7b6387","4bb3e79bf39b435eb1061b555eb6690a","提交审核","btn_flowSubmit",,,,,"0","1","6/12/2019 15:47:28","admin","2/11/2020 09:17:13","03d159a3-0f88-424c-a24f-02f63855fe4f",,,,"F4FCA43A-B563-4149-AB16-486589CFC154"
"a2e2d5da77de40aa98bf8226d8c4edcd","-1","删除","btn_remove",,,,,"0","1","19/1/2021 10:38:07","admin",,,,,,"0be9192d6244490bb8dee3c7c2237265"
"a321355a6f3544e496f551ef3c37e2bb","-1","保存","btn_save",,,,,"0","1",,,"2/11/2020 07:59:59","03d159a3-0f88-424c-a24f-02f63855fe4f",,,,"dae3a9ca44ae45df81478758799f2087"
"a70ee40357424e4c86c18b0ed3075ec7","-1","删除","btn_remove",,,,,"0","1","17/8/2020 03:28:50","00d9428a-25f5-4ceb-ab9b-1a3c71989bb4",,,,,,"85cd7bca426e49ce83a061bf461b1447"
"a74036eb4c8b4169868fe0fbe7350acd","-1","删除","btn_remove",,,,,"0","1","10/12/2020 07:36:35","admin",,,,,,"e513dd3187de4d78a4d5396a9442f7e1"
"a77d29c9f1134097be47a1b0d1a849b6","-1","详情","btn_detail",,"/Views/WorkFlow/FlowBefore/Audit.html",,,"0","1","7/12/2019 18:07:23","admin","2/11/2020 08:28:20","03d159a3-0f88-424c-a24f-02f63855fe4f",,,,"fb0888d9111a40a0adb44ccdf9dbb5c6"
"a7cdae31b01745d7808bd1587729f7b8","-1","更多","btn_more",,,,,"0","1","23/9/2020 08:42:27","admin","2/11/2020 09:00:45","03d159a3-0f88-424c-a24f-02f63855fe4f",,,,"fe0150960dd542ec9328067e4495074b"
"a7f3d5144bb24024a1c7973e6a0d365c","-1","导出","btn_download",,,,,"0","1","16/12/2020 06:54:15","admin",,,,,,"a4fc0d5620364bcfa93ab7223f56dd65"
"a8a6c05829ac4c30a4c0e67dcbe4aaea","-1","列表权限","btn_columnPer",,,,,"0","1","16/7/2020 09:27:34",,,,,,,"C9998351-03E7-449D-B911-666E83F8549E"
"acc2fca05b17426dac56b1104fa4f88d","-1","更多","btn_more",,,,,"0","1","17/11/2020 00:39:05","admin",,,,,,"85cd7bca426e49ce83a061bf461b1447"
"ad1a05c3a7fa45309b85efa6cf79bfa0","-1","导出","btn_download",,,,,"0","1","20/11/2020 06:54:29","admin","20/11/2020 07:52:41","admin",,,,"deeed3d0cf27412696f178fd8fc407a0"
"af3e763e78ee44ecbc6c3410e6f705fb","-1","删除","btn_remove",,,,,"0","1","28/6/2018 11:01:57","admin","2/11/2020 08:29:11","03d159a3-0f88-424c-a24f-02f63855fe4f",,,,"55c06bb3b2124b0c83d17c5ef82450f5"
"af4f63df5dac47bcb67f2047b2c6707a","-1","新建","btn_add",,,,,"0","1","16/7/2020 11:10:12",,,,,,,"564f7317aadb4a608bb45393f5498876"
"af917493337742e19af56e653761e47e","-1","新建任务","btn_add",,"/Views/PlatForm/TimeTask/Form.html",,,"0","1","13/12/2017 09:42:36","admin","2/11/2020 07:27:29","admin",,,,"1e27a0ad83e44c2a83a2a0954eb4f1cb"
"afaa3a4bc92940dc9b810eaeca374f25","acc2fca05b17426dac56b1104fa4f88d","预览","btn_preview",,,,,"0","1","17/11/2020 00:39:54","admin","14/1/2021 09:10:21","admin",,,,"85cd7bca426e49ce83a061bf461b1447"
"b510dd58ef3a4140ba2eb9986de93332","a8a6c05829ac4c30a4c0e67dcbe4aaea","列表权限-编辑","btn_columnPer_edit",,,,,"0","1","16/7/2020 09:34:40",,,,,,,"C9998351-03E7-449D-B911-666E83F8549E"
"b5c4ef34bee242d7ad245fcb5d150873","-1","删除","btn_remove",,,,,"0","1","29/11/2018 14:32:51","admin","2/11/2020 07:48:50","03d159a3-0f88-424c-a24f-02f63855fe4f",,,,"ef96d397af964fb7a4363c516270a4f4"
"b6c4f1c6e0c34af9a5546db6ea7dcccf","0bd56be2ebf74749bd033df265dd48c5","预览","btn_preview",,,,,"0","1","3/11/2020 01:56:35","03d159a3-0f88-424c-a24f-02f63855fe4f","14/1/2021 09:13:55","admin",,,,"232d7226f00446d882e1e1bd999f7b2d"
"b82c5e883802450894d187cf2b2130a2","-1","更多","btn_more",,,,,"0","1","14/11/2017 09:50:37","admin","2/11/2020 08:04:11","03d159a3-0f88-424c-a24f-02f63855fe4f",,,,"E5AA0952-44FB-4FB9-B888-C6B78EF96836"
"b8428175109b42ae850ade137c56236c","08512e176062401a9ef991d2b3912be6","分类列表-编辑","btn_type_edit",,,,,"0","1","16/7/2020 10:00:05",,,,,,,"3F1554C1-4F09-49E7-AC6A-06641BD246CD"
"bb2e71d990bd4b208de4194b56b06b9d","a0791ed1cb0347e380d62cdb23eb8cc6","按钮权限-编辑","btn_btnPer_edit",,,,,"0","1","16/7/2020 09:31:36",,,,,,,"C9998351-03E7-449D-B911-666E83F8549E"
"bb949de27bc141b99077b36428c10b0f","-1","编辑","btn_edit",,,,,"0","1","13/1/2021 02:12:32","admin",,,,,,"4b5cb2a3f6d4493cb017d06d9eacdadf"
"bd9e1cf58d484c41b0f473de2e39c81e","-1","编辑","btn_edit",,,,,"0","1","10/8/2020 22:50:02","00ca450b-141b-45d2-b6cb-94d818165543",,,,,,"c2122f82fc9c40fca0eb0392d7337e6b"
"bfb7d6d0db604fd2831da294e336dbd9","-1","新建","btn_add",,"/Views/Permission/User/Form.html",,,"0","1","19/10/2017 11:04:22",,"2/11/2020 08:06:01","03d159a3-0f88-424c-a24f-02f63855fe4f",,,,"4DDA6A84-A432-421C-9CE9-DB7A56033B02"
"bfbc41e586b843cbad893af22677c106","-1","编辑","btn_edit",,,,,"0","1","20/11/2020 06:47:49","admin",,,,,,"7e0216a209b94ab6973bbc1a766283d8"
"c03df2dbfa7948afb7ffcc5ed909a7f2","-1","新建表单","btn_add",,,,,"0","1","17/8/2020 03:28:00","00d9428a-25f5-4ceb-ab9b-1a3c71989bb4","2/11/2020 06:02:36","admin",,,,"85cd7bca426e49ce83a061bf461b1447"
"c088ads5a4b738e98594e3dd6cd4f","-1","更多","btn_more",,,,,"0","1","21/8/2020 09:47:27","00d9428a-25f5-4ceb-ab9b-1a3c71989bb4",,,,,,"aad12c217ea047e0814c631c4784f489"
"c088b5e1a85a4b738e98594e3dd6cd4f","-1","更多","btn_more",,,,,"0","1","21/8/2020 09:47:27","00d9428a-25f5-4ceb-ab9b-1a3c71989bb4","4/11/2020 06:14:16","03d159a3-0f88-424c-a24f-02f63855fe4f",,,,"f32e517a0a9e4cf7b2eb80a589a6da9d"
"c14814f3b31b4703a3291c8e939880aa","-1","删除","btn_remove",,,,,"0","1","28/6/2018 11:29:09","admin","2/11/2020 08:13:35","03d159a3-0f88-424c-a24f-02f63855fe4f",,,,"fe0150960dd542ec9328067e4495074b"
"c185e5fd1738448190861853316f53ef","-1","编辑","btn_edit","el-icon-edit",,,,"0","1","23/3/2021 07:47:01","admin",,,,,,"c7ded4ca6cf9402f97386051eaedd254"
"c62c57d58f5f45f095f6fb8b4d9e3785","4b52f375114d4b2ab3d1b4379c7d86f9","复制模板","btn_copy",,,,,"0","1","21/8/2020 10:02:31","00d9428a-25f5-4ceb-ab9b-1a3c71989bb4",,,,,,"8ee6ec6db2ac4a5e9b010100c7690798"
"c7c14737045a4e57955c4556264c92bb","-1","详情","btn_detail",,,,,"0","1","13/1/2021 09:15:25","admin",,,,,,"a76e7bd9de984e2caa185f061c9bf2b9"
"c82a62ea8a034436884e92675124beeb","-1","新建","btn_add",,,,,"0","1","6/8/2020 00:07:20","00ca450b-141b-45d2-b6cb-94d818165543",,,,,,"c2122f82fc9c40fca0eb0392d7337e6b"
"c8ec5732522d419298d2f83a8e3aa950","-1","新建","btn_add",,"/Views/Permission/Position/Form.html",,,"0","1","19/10/2017 10:51:26",,"2/11/2020 08:02:46","03d159a3-0f88-424c-a24f-02f63855fe4f",,,,"E5AA0952-44FB-4FB9-B888-C6B78EF96836"
"c9a7d165c8904921a2cf53c7cf5430a7","-1","详情","btn_detail",,,,,"0","1","10/12/2020 07:36:35","admin",,,,,,"e513dd3187de4d78a4d5396a9442f7e1"
"cb8e14ba266f4e32b59d0ea324c40de5","-1","删除","btn_remove",,,,,"0","1","12/8/2020 16:07:42",,,,,,,"c7159f97177b420d9fc8ec8c74ae541b"
"ccf68aadd66c4bc696a89e18b5e9f681","-1","删除","btn_remove",,,,,"0","1","2/11/2020 08:45:33","03d159a3-0f88-424c-a24f-02f63855fe4f",,,,,,"15349f4c8b6e4ea697b522ffe0b7f360"
"cd2c4bef56ba4b7eba1ca2d76b4652d9","-1","删除","btn_remove",,,,,"0","1","28/6/2018 11:13:16","admin","22/5/2020 14:31:05","admin",,,,"8ee6ec6db2ac4a5e9b010100c7690798"
"d171d65a7f524092a4675da134374b06","5a00e50dadc64afbb4ab581c1a8e8ace","预览","btn_preview",,,,,"0","1","10/8/2020 23:20:15","00ca450b-141b-45d2-b6cb-94d818165543","18/1/2021 03:32:49","admin",,,,"c2122f82fc9c40fca0eb0392d7337e6b"
"d2d28302f1434f26a2ac288ee7e71372","-1","新增","btn_add",,,,,"0","1","13/1/2021 09:06:47","admin",,,,,,"7bcac6af09c64830a89a3d54487a03f1"
"d4693719a36e4b70ae8d554736d5635d","-1","删除","btn_remove",,,,,"0","1","28/12/2017 14:52:01","admin","2/11/2020 07:26:26","admin",,,,"97310591eada49f7920d73b554c59212"
"d575d269a7734d9aa305a4b3106dde10","-1","复制","btn_copy",,,,,"0","1","2/11/2020 06:36:16","admin",,,,,,"6bc2d4f16bad4e6897ba837a5c515f16"
"d68f6ac2cf314c6d9770a08af04671fc","c088b5e1a85a4b738e98594e3dd6cd4f","预览代码","btn_preview",,,,,"0","1","4/11/2020 07:47:13","03d159a3-0f88-424c-a24f-02f63855fe4f","6/11/2020 03:47:34","03d159a3-0f88-424c-a24f-02f63855fe4f",,,,"f32e517a0a9e4cf7b2eb80a589a6da9d"
"d6f6fa8a57ba4992b6c6d32920eccea1","-1","删除","btn_remove",,,,,"0","1","13/1/2021 09:15:25","admin",,,,,,"a76e7bd9de984e2caa185f061c9bf2b9"
"d89d5a4b949e4b4198085ab4d2bcaab5","-1","新建","btn_add",,"/Views/System/Dictionary/Form.html",,,"0","1","9/11/2017 13:53:03",,"2/11/2020 07:52:55","03d159a3-0f88-424c-a24f-02f63855fe4f",,,,"3F1554C1-4F09-49E7-AC6A-06641BD246CD"
"d97b28469dad42cba33e41dd8270c6eb","-1","新增","btn_add",,,,,"0","1","16/12/2020 06:54:15","admin",,,,,,"a4fc0d5620364bcfa93ab7223f56dd65"
"d98df0240d854729965b6ae405b93764","-1","编辑","btn_edit",,"/Views/System/Province/Form.html",,,"0","1","13/11/2018 14:49:24","admin","2/11/2020 07:45:01","03d159a3-0f88-424c-a24f-02f63855fe4f",,,,"7147a8c641534b3db0bad7c6852017f4"
"da7049a35bcf45168d7320c7dc0b1963","-1","下载","btn_download",,,,,"0","1","3/2/2018 14:33:29","admin","22/5/2020 14:17:16","admin",,,,"9A638D07-82BC-42CC-B6FB-DEE937CC6FE1"
"da930e4f66db469c850d6950b58c3765","2cd9210677544e96953512fd8df6837a","详情","btn_detail",,,,,"0","1","3/6/2019 21:21:25","admin","9/11/2020 01:13:42","admin",,,,"97310591eada49f7920d73b554c59212"
"db29870f82fc4e0eac4c8a3af3547402","-1","打开数据","btn_openData",,"/Views/PlatForm/DbTable/PreviewData.html",,,"0","1","7/9/2018 13:45:15","admin","2/11/2020 07:50:22","03d159a3-0f88-424c-a24f-02f63855fe4f",,,,"c50f18d0568244a5b85878050bbc5a40"
"dbcfb8c78a91486d9e1da30a4c01d961","c088ads5a4b738e98594e3dd6cd4f","预览代码","btn_preview",,,,,"0","1","4/11/2020 07:47:30","03d159a3-0f88-424c-a24f-02f63855fe4f","18/1/2021 03:21:24","admin",,,,"aad12c217ea047e0814c631c4784f489"
"dd567c40f7154013aaf6e1dd0e107bcd","-1","删除","btn_remove",,,,,"0","1","18/1/2021 05:44:26","admin",,,,,,"5b435fb056fa42d39c26e3b11829aa4d"
"dddf57f983594ea49cc9cbdda37c8e0d","-1","删除","btn_remove",,,,,"0","1","9/11/2017 13:53:38",,"2/11/2020 07:53:20","03d159a3-0f88-424c-a24f-02f63855fe4f",,,,"3F1554C1-4F09-49E7-AC6A-06641BD246CD"
"df24a17bb560480caaeeab099c554d4d","-1","启用","btn_enable",,,,,"0","1","13/12/2017 09:43:44","admin","2/11/2020 07:28:18","admin",,,,"1e27a0ad83e44c2a83a2a0954eb4f1cb"
"e10160dce01447a794b4acf8f2f120cf","-1","导出","btn_download",,,,,"0","1","12/1/2021 12:49:49","admin",,,,,,"aca4af1ff2ed4c228c287d44e7608fbf"
"e2a1a8f209714480ad08abf7baa39acc","4bb3e79bf39b435eb1061b555eb6690a","查看审核","btn_flowDetail",,,,,"0","1","6/12/2019 15:47:53","admin","2/11/2020 09:18:02","03d159a3-0f88-424c-a24f-02f63855fe4f",,,,"F4FCA43A-B563-4149-AB16-486589CFC154"
"e42d261394e9477d8643835a74125b77","-1","新建","btn_add",,"/Views/System/Menu/Form.html",,,"0","1","19/10/2017 10:39:02",,"2/11/2020 07:42:52","03d159a3-0f88-424c-a24f-02f63855fe4f",,,,"C9998351-03E7-449D-B911-666E83F8549E"
"e4c19b9f32ec40229a6679793c354da1","-1","审批","btn_audit",,"/Views/WorkFlow/FlowBefore/Audit.html",,,"0","1","7/12/2019 18:05:45","admin","2/11/2020 08:24:59","03d159a3-0f88-424c-a24f-02f63855fe4f",,,,"72d38eb93b4b453b93baedcdd16e7a17"
"e53f87faca3a4825a72941334ef75298","-1","编辑","btn_edit",,"/Views/Permission/Position/Form.html",,,"0","1","14/11/2017 09:43:16","admin","2/11/2020 08:03:00","03d159a3-0f88-424c-a24f-02f63855fe4f",,,,"E5AA0952-44FB-4FB9-B888-C6B78EF96836"
"e5a513f6ce6844959cadc586dd5a83c9","-1","更多","btn_more",,,,,"0","1","19/10/2017 11:06:24",,"2/11/2020 08:07:57","03d159a3-0f88-424c-a24f-02f63855fe4f",,,,"4DDA6A84-A432-421C-9CE9-DB7A56033B02"
"e5f1ccc21ab34f74bf59008376ebd8a3","-1","新增","btn_add",,,,,"0","1","19/1/2021 10:38:07","admin",,,,,,"0be9192d6244490bb8dee3c7c2237265"
"e62a08bf237348b3bb02ebd88ae487e8","-1","删除","btn_remove","el-icon-delete",,,,"0","1","23/3/2021 08:14:02","admin",,,,,,"919e37b2a46d48d8a54152cd6e50627d"
"e63f98cac65842009ae64f51cb946efb","-1","删除","btn_remove",,,,,"0","1","4/11/2020 07:24:27","03d159a3-0f88-424c-a24f-02f63855fe4f",,,,,,"856131bc6e2b4b16aa79d35ba5234e78"
"e70f11257d6d4578919076a28cfdc704","-1","移除黑名单","btn_unblack",,,,,"0","1","26/11/2018 22:00:18","admin","2/11/2020 07:58:09","03d159a3-0f88-424c-a24f-02f63855fe4f",,,,"e6b50a35425d449e947c9040ce053e69"
"e7ffcfe5ac9e410399b9d40f197b125a","-1","编辑","btn_edit",,,,,"0","1","16/12/2020 06:54:15","admin",,,,,,"a4fc0d5620364bcfa93ab7223f56dd65"
"e979ce4651c244e292917e5c607583f5","-1","导出","btn_download",,,,,"0","1","13/1/2021 09:06:47","admin",,,,,,"7bcac6af09c64830a89a3d54487a03f1"
"ecc17b298089416986a698e8d2b650d8","-1","编辑","btn_edit",,"/Views/System/BillRule/Form.html",,,"0","1","20/4/2018 11:36:26","admin","2/11/2020 07:47:41","03d159a3-0f88-424c-a24f-02f63855fe4f",,,,"d1d4cce0e6bd4346a4de288d8ea560b1"
"ed1a6dc8da304023984c2e9bf94e659f","-1","编辑","btn_edit",,"/Views/PlatForm/DbLink/Form.html",,,"0","1","29/11/2018 14:32:12","admin","2/11/2020 07:48:38","03d159a3-0f88-424c-a24f-02f63855fe4f",,,,"ef96d397af964fb7a4363c516270a4f4"
"edd5d9253b2c42eb98dd9c81dd7aebc3","-1","删除","btn_remove",,,,,"0","1","7/9/2018 13:45:00","admin","2/11/2020 07:50:03","03d159a3-0f88-424c-a24f-02f63855fe4f",,,,"c50f18d0568244a5b85878050bbc5a40"
"ee2d799afdde4852bd75e8e1b5f66635","-1","新建代理","btn_add",,"/Views/WorkFlow/FlowDelegate/Form.html",,,"0","1","28/6/2018 11:00:32","admin","2/11/2020 08:28:46","03d159a3-0f88-424c-a24f-02f63855fe4f",,,,"55c06bb3b2124b0c83d17c5ef82450f5"
"ee6a9afe651a4d65841ad4a89b44a7b9","-1","编辑","btn_edit",,"/Views/Permission/User/Form.html",,,"0","1","19/10/2017 11:05:02",,"22/1/2021 03:00:08","admin",,,,"4DDA6A84-A432-421C-9CE9-DB7A56033B02"
"f02a4ba75ed84aecbde1d2577a063c34","-1","新建","btn_add",,"/Views/Permission/Role/Form.html",,,"0","1","19/10/2017 10:54:34",,"2/11/2020 08:08:29","03d159a3-0f88-424c-a24f-02f63855fe4f",,,,"07029F61-993A-4A46-BF56-20DE382F4F66"
"f1fd98cc42164077b98ceac851e13050","-1","编辑","btn_edit",,"/Views/Permission/Role/Form.html",,,"0","1","19/10/2017 10:54:51",,"2/11/2020 08:08:41","03d159a3-0f88-424c-a24f-02f63855fe4f",,,,"07029F61-993A-4A46-BF56-20DE382F4F66"
"f227dd52de2346f09bf0ac5d98fb6936","-1","详情","btn_detail",,"/Views/WorkFlow/FlowBefore/Audit.html",,,"0","1","7/12/2019 18:06:08","admin","2/11/2020 08:25:35","03d159a3-0f88-424c-a24f-02f63855fe4f",,,,"72d38eb93b4b453b93baedcdd16e7a17"
"f24e02a1d49342a9855130773a3d6617","53811f6c7ed5497189a94682a096c2ab","数据权限-新增","btn_dataPer_add",,,,,"0","1","16/7/2020 09:36:11",,,,,,,"C9998351-03E7-449D-B911-666E83F8549E"
"f2688ad308964691afd0b088a225563d","-1","新建表名","btn_add",,"/Views/PlatForm/DbTable/Form.html",,,"0","1","7/9/2018 13:44:29","admin","2/11/2020 07:49:36","03d159a3-0f88-424c-a24f-02f63855fe4f",,,,"c50f18d0568244a5b85878050bbc5a40"
"f2a9bb228c254580bf00a342009875f2","37baca9f008b480c9278ecf9eebdf2f4","导出PDF","btn_exportPDF",,,,,"0","1","2/11/2020 06:46:29","admin",,,,,,"c7159f97177b420d9fc8ec8c74ae541b"
"f3f6c3b8e00843adb7bac9c404e7ca21","-1","查看进度","btn_detail",,"/Views/WorkFlow/FlowBefore/Audit.html",,,"0","1","28/6/2018 10:35:53","admin","2/11/2020 08:23:32","03d159a3-0f88-424c-a24f-02f63855fe4f",,,,"4d2cb987fd9047d19e010cce01039fea"
"f441467833dd42649218d33fa3d28691","-1","新增","btn_add",,,,,"0","1","19/1/2021 10:59:19","admin",,,,,,"12f57de476a34980b80d2a8b21d1f11a"
"f49370db992a41cc9cc03b1677dc40f4","-1","编辑","btn_edit",,,,,"0","1","2/11/2020 08:44:58","03d159a3-0f88-424c-a24f-02f63855fe4f",,,,,,"15349f4c8b6e4ea697b522ffe0b7f360"
"f5a1909bf83c48c3b2ff1b5f89ba1b96","-1","编辑","btn_edit",,,,,"0","1","13/1/2021 09:15:25","admin",,,,,,"a76e7bd9de984e2caa185f061c9bf2b9"
"f8db4eeb1d9746ffa47aeb81815181a9","-1","同步用户","btn_sync_users",,,,,"0","1","26/11/2018 22:11:51","admin","2/11/2020 08:00:55","03d159a3-0f88-424c-a24f-02f63855fe4f",,,,"b3e60c5216c44c3bad8e148b11ef75e2"
"fa8ff873be1e46ee9c0a089ae09e1ec4","-1","编辑","btn_edit",,"/Views/WorkFlow/FlowEngine/Form.html",,,"0","1","28/6/2018 11:28:55","admin","2/11/2020 08:13:18","03d159a3-0f88-424c-a24f-02f63855fe4f",,,,"fe0150960dd542ec9328067e4495074b"
"fb2f57633abb47a894d1397b9c1b34aa","-1","加入黑名单","btn_black",,,,,"0","1","26/11/2018 21:59:39","admin","2/11/2020 07:57:41","03d159a3-0f88-424c-a24f-02f63855fe4f",,,,"e6b50a35425d449e947c9040ce053e69"
"fcbac705863243e6bd643f50cfabe6d5","-1","新建","btn_add",,"/Views/System/BillRule/Form.html",,,"0","1","20/4/2018 11:35:35","admin","2/11/2020 07:46:24","03d159a3-0f88-424c-a24f-02f63855fe4f",,,,"d1d4cce0e6bd4346a4de288d8ea560b1"
"ff078b6ea0f949cfb5cf86b0f82331b5","-1","编辑","btn_edit",,"/Views/WeChat/MPMenu/Form.html",,,"0","1","26/11/2018 21:52:34","admin","2/11/2020 07:56:08","03d159a3-0f88-424c-a24f-02f63855fe4f",,,,"698d6192107142c4888901b7a427a8ba"
