"F_Id","F_EnCode","F_FullName","F_Type","F_Category","F_UrlAddress","F_AppUrlAddress","F_PropertyJson","F_Description","F_SortCode","F_EnabledMark","F_CreatorTime","F_CreatorUserId","F_LastModifyTime","F_LastModifyUserId","F_DeleteMark","F_DeleteTime","F_DeleteUserId"
"000de77d45334f06a696c987d82dab7d","RewardPunishment","行政赏罚","0","costRelated","/Views/WorkFlowForm/RewardPunishment/Form.html	","/pages/work/flowform/rewardpunishment/form.vue","[{""filedId"":""id"",""filedName"":""主键""},{""filedId"":""flowId"",""filedName"":""流程主键""},{""filedId"":""flowTitle"",""filedName"":""流程标题""},{""filedId"":""flowUrgent"",""filedName"":""紧急程度""},{""filedId"":""billNo"",""filedName"":""流程单据""},{""filedId"":""fullName"",""filedName"":""员工姓名""},{""filedId"":""fillFromDate"",""filedName"":""填表日期""},{""filedId"":""department"",""filedName"":""员工部门""},{""filedId"":""position"",""filedName"":""所属职务""},{""filedId"":""rewardPun"",""filedName"":""赏罚金额""},{""filedId"":""reason"",""filedName"":""赏罚原因""}]",,"180717214158320","1","17/7/2018 21:41:58","admin","15/5/2020 10:34:46","admin",,,
"027825296ab44eb587b4792d90bd4b47","PostBatchTab","发文呈批","0","documentManage","/Views/WorkFlowForm/PostBatchTab/Form.html","/pages/work/flowform/postbatchtab/form.vue","[{""filedId"":""id"",""filedName"":""主键""},{""filedId"":""flowId"",""filedName"":""流程主键""},{""filedId"":""flowTitle"",""filedName"":""流程标题""},{""filedId"":""flowUrgent"",""filedName"":""紧急程度""},{""filedId"":""billNo"",""filedName"":""流程单据""},{""filedId"":""fileTitle"",""filedName"":""文件标题""},{""filedId"":""draftedPerson"",""filedName"":""主办单位""},{""filedId"":""sendUnit"",""filedName"":""发往单位""},{""filedId"":""writingNum"",""filedName"":""发文编号""},{""filedId"":""writingDate"",""filedName"":""发文日期""},{""filedId"":""shareNum"",""filedName"":""份数""},{""filedId"":""fileJson"",""filedName"":""相关附件""},{""filedId"":""description"",""filedName"":""备注""}]",,"180717205657070","1","17/7/2018 20:56:58","admin","15/5/2020 10:36:57","admin",,,
"071c3280e1ea4c4c84960fd39d156f14","ApplyBanquet","宴请申请","0","costRelated","/Views/WorkFlowForm/ApplyBanquet/Form.html","/pages/work/flowform/applybanquet/form.vue","[{""filedId"":""id"",""filedName"":""主键""},{""filedId"":""flowId"",""filedName"":""流程主键""},{""filedId"":""flowTitle"",""filedName"":""流程标题""},{""filedId"":""flowUrgent"",""filedName"":""紧急程度""},{""filedId"":""billNo"",""filedName"":""流程单据""},{""filedId"":""applyUser"",""filedName"":""申请人""},{""filedId"":""position"",""filedName"":""所属职务""},{""filedId"":""applyDate"",""filedName"":""申请时间""},{""filedId"":""banquetNum"",""filedName"":""宴请人数""},{""filedId"":""banquetPeople"",""filedName"":""宴请人员""},{""filedId"":""total"",""filedName"":""人员总数""},{""filedId"":""place"",""filedName"":""宴请地点""},{""filedId"":""expectedCost"",""filedName"":""预计费用""},{""filedId"":""description"",""filedName"":""备注""}]",,"180712101221103","1","12/7/2018 10:12:21","admin","15/5/2020 10:33:30","admin",,,
"07fe9889ddbf4de4ac8330ecf636b5f8","TravelApply","出差预支","0","costRelated","/Views/WorkFlowForm/TravelApply/Form.html	","/pages/work/flowform/travelapply/form.vue","[{""filedId"":""id"",""filedName"":""主键""},{""filedId"":""flowId"",""filedName"":""流程主键""},{""filedId"":""flowTitle"",""filedName"":""流程标题""},{""filedId"":""flowUrgent"",""filedName"":""紧急程度""},{""filedId"":""billNo"",""filedName"":""流程单据""},{""filedId"":""travelMan"",""filedName"":""出差人""},{""filedId"":""applyDate"",""filedName"":""申请日期""},{""filedId"":""departmental"",""filedName"":""所在部门""},{""filedId"":""position"",""filedName"":""员工职务""},{""filedId"":""startDate"",""filedName"":""开始时间""},{""filedId"":""endDate"",""filedName"":""结束时间""},{""filedId"":""startPlace"",""filedName"":""起始地点""},{""filedId"":""destination"",""filedName"":""目的地""},{""filedId"":""prepaidTravel"",""filedName"":""预支旅费""},{""filedId"":""description"",""filedName"":""备注""}]",,"180717221244263","1","17/7/2018 22:12:44","admin","15/5/2020 10:35:00","admin",,,
"174d6fe016c749738bf19bad4fbb28d5","ArchivalBorrow","档案借阅","0","documentManage","/Views/WorkFlowForm/ArchivalBorrow/Form.html","/pages/work/flowform/archivalborrow/form.vue","[{""filedId"":""id"",""filedName"":""主键""},{""filedId"":""flowId"",""filedName"":""流程主键""},{""filedId"":""flowTitle"",""filedName"":""流程标题""},{""filedId"":""flowUrgent"",""filedName"":""紧急程度""},{""filedId"":""billNo"",""filedName"":""流程单据""},{""filedId"":""applyUser"",""filedName"":""申请人""},{""filedId"":""borrowingDepartment"",""filedName"":""借阅部门""},{""filedId"":""archivesName"",""filedName"":""档案名称""},{""filedId"":""archivesId"",""filedName"":""档案编号""},{""filedId"":""borrowingDate"",""filedName"":""借阅时间""},{""filedId"":""returnDate"",""filedName"":""归还时间""},{""filedId"":""archivalAttributes"",""filedName"":""档案属性""},{""filedId"":""borrowMode"",""filedName"":""借阅方式""},{""filedId"":""applyReason"",""filedName"":""申请原因""}]",,"180713164031063","1","13/7/2018 16:40:32","admin","15/5/2020 10:35:56","admin",,,
"1e158bca07834bf6b7c72b4b2cf474bb","SupplementCard","补打卡单","0","personnelManage","/Views/WorkFlowForm/SupplementCard/Form.html","/pages/work/flowform/supplementcard/form.vue","[{""filedId"":""id"",""filedName"":""主键""},{""filedId"":""flowId"",""filedName"":""流程主键""},{""filedId"":""flowTitle"",""filedName"":""流程标题""},{""filedId"":""flowUrgent"",""filedName"":""紧急程度""},{""filedId"":""billNo"",""filedName"":""流程单据""},{""filedId"":""fullName"",""filedName"":""员工姓名""},{""filedId"":""department"",""filedName"":""所在部门""},{""filedId"":""position"",""filedName"":""所在职务""},{""filedId"":""applyDate"",""filedName"":""申请日期""},{""filedId"":""witness"",""filedName"":""证明人""},{""filedId"":""supplementNum"",""filedName"":""补卡人数""},{""filedId"":""supplementDate"",""filedName"":""补卡时间""},{""filedId"":""description"",""filedName"":""备注""}]",,"180717220636530","0","17/7/2018 22:06:37","admin","7/8/2020 14:03:11","admin",,,
"278abd0244e443f68fbd1981fd237cba","QuotationApproval","报表审批","0","saleManage","/Views/WorkFlowForm/QuotationApproval/Form.html","/pages/work/flowform/quotationapproval/form.vue","[{""filedId"":""id"",""filedName"":""自然主键""},{""filedId"":""flowId"",""filedName"":""流程主键""},{""filedId"":""flowTitle"",""filedName"":""流程标题""},{""filedId"":""flowUrgent"",""filedName"":""紧急程度""},{""filedId"":""billNo"",""filedName"":""流程单据""},{""filedId"":""applyUser"",""filedName"":""申请部门""},{""filedId"":""department"",""filedName"":""所属部门""},{""filedId"":""applyDate"",""filedName"":""时间""},{""filedId"":""useStock"",""filedName"":""领用仓库""},{""filedId"":""classification"",""filedName"":""用品分类""},{""filedId"":""articlesName"",""filedName"":""用品名称""},{""filedId"":""articlesNum"",""filedName"":""用品数量""},{""filedId"":""articlesId"",""filedName"":""用品编号""},{""filedId"":""applyReasons"",""filedName"":""申请原因""},{""filedId"":""fileJson"",""filedName"":""相关附件""},{""filedId"":""as"",""filedName"":""A""},{""filedId"":""bs"",""filedName"":""B""},{""filedId"":""cs"",""filedName"":""C""},{""filedId"":""ds"",""filedName"":""D""},{""filedId"":""es"",""filedName"":""E""}]",,"180720095501063","1","20/7/2018 09:55:02","admin","15/5/2020 10:39:23","admin",,,
"2c7f1e71046b45ea87f220b729d0468a","ProcurementMaterial","采购原材料","0","routine","/Views/WorkFlowForm/ProcurementMaterial/Form.html","/pages/work/flowform/procurementmaterial/form.vue","[{""filedId"":""id"",""filedName"":""主键""},{""filedId"":""flowId"",""filedName"":""流程主键""},{""filedId"":""flowTitle"",""filedName"":""流程标题""},{""filedId"":""flowUrgent"",""filedName"":""紧急程度""},{""filedId"":""billNo"",""filedName"":""流程单据""},{""filedId"":""writer"",""filedName"":""填表人""},{""filedId"":""writeDate"",""filedName"":""报表日期""},{""filedId"":""customerName"",""filedName"":""客户名称""},{""filedId"":""partnerName"",""filedName"":""合作人名""},{""filedId"":""standardFile"",""filedName"":""模型参考""},{""filedId"":""quotationType"",""filedName"":""类型""},{""filedId"":""fileJson"",""filedName"":""相关附件""},{""filedId"":""custSituation"",""filedName"":""情况描述""}]",,"180717212155580","1","17/7/2018 21:21:56","admin","15/5/2020 10:38:35","admin",,,
"2edbc8d4285f42a7a6859897c1d75cd7","ContractApproval","合同审批","0","contractManage","/Views/WorkFlowForm/ContractApproval/Form.html","/pages/work/flowform/contractapproval/form.vue","[{""filedId"":""id"",""filedName"":""主键""},{""filedId"":""flowId"",""filedName"":""流程主键""},{""filedId"":""flowTitle"",""filedName"":""流程标题""},{""filedId"":""flowUrgent"",""filedName"":""紧急程度""},{""filedId"":""billNo"",""filedName"":""流程单据""},{""filedId"":""applyUser"",""filedName"":""申请人""},{""filedId"":""departmental"",""filedName"":""申请部门""},{""filedId"":""applyDate"",""filedName"":""申请时间""},{""filedId"":""purchaseUnit"",""filedName"":""采购单位""},{""filedId"":""deliveryMode"",""filedName"":""送货方式""},{""filedId"":""deliveryAddress"",""filedName"":""送货地址""},{""filedId"":""paymentMethod"",""filedName"":""付款方式""},{""filedId"":""paymentMoney"",""filedName"":""付款金额""},{""filedId"":""fileJson"",""filedName"":""相关附件""},{""filedId"":""reason"",""filedName"":""用途原因""},{""filedId"":""procurementEntry-goodsName"",""filedName"":""采购原材料-商品名称""},{""filedId"":""procurementEntry-specifications"",""filedName"":""采购原材料-规格型号""},{""filedId"":""procurementEntry-unit"",""filedName"":""采购原材料-单位""},{""filedId"":""procurementEntry-qty"",""filedName"":""采购原材料-数量""},{""filedId"":""procurementEntry-price"",""filedName"":""采购原材料-单价""},{""filedId"":""procurementEntry-amount"",""filedName"":""采购原材料-金额""},{""filedId"":""procurementEntry-description"",""filedName"":""采购原材料-备注""}]",,"180713170314400","1","13/7/2018 17:03:14","admin","15/5/2020 10:32:38","admin",,,
"2f79605b11344f4e962c5b1e4942de34","ArticlesWarehous","用品入库","0","warehouseManagement","/Views/WorkFlowForm/ArticlesWarehous/Form.html","/pages/work/flowform/articleswarehous/form.vue","[{""filedId"":""id"",""filedName"":""主键""},{""filedId"":""flowId"",""filedName"":""流程主键""},{""filedId"":""flowTitle"",""filedName"":""流程标题""},{""filedId"":""flowUrgent"",""filedName"":""紧急程度""},{""filedId"":""billNo"",""filedName"":""流程单据""},{""filedId"":""firstPartyUnit"",""filedName"":""甲方单位""},{""filedId"":""secondPartyUnit"",""filedName"":""乙方单位""},{""filedId"":""firstPartyPerson"",""filedName"":""甲方负责人""},{""filedId"":""secondPartyPerson"",""filedName"":""乙方负责人""},{""filedId"":""firstPartyContact"",""filedName"":""甲方联系方式""},{""filedId"":""secondPartyContact"",""filedName"":""乙方联系方式""},{""filedId"":""contractName"",""filedName"":""合同名称""},{""filedId"":""contractClass"",""filedName"":""合同分类""},{""filedId"":""contractType"",""filedName"":""合同类型""},{""filedId"":""contractId"",""filedName"":""合同编号""},{""filedId"":""businessPerson"",""filedName"":""业务人员""},{""filedId"":""signingDate"",""filedName"":""签阅时间""},{""filedId"":""startDate"",""filedName"":""开始时间""},{""filedId"":""endDate"",""filedName"":""结束时间""},{""filedId"":""incomeAmount"",""filedName"":""收入金额""},{""filedId"":""inputPerson"",""filedName"":""填写人员""},{""filedId"":""fileJson"",""filedName"":""相关附件""},{""filedId"":""primaryCoverage"",""filedName"":""主要内容""},{""filedId"":""description"",""filedName"":""备注""}]",,"180713164513413","1","13/7/2018 16:45:13","admin","15/5/2020 10:40:07","admin",,,
"397bb5c5e06440b1bd51ce970985d677","ConBilling","合同开票","0","contractManage","/Views/WorkFlowForm/ConBilling/Form.html","/pages/work/flowform/conbilling/form.vue","[{""filedId"":""id"",""filedName"":""主键""},{""filedId"":""flowId"",""filedName"":""流程主键""},{""filedId"":""flowTitle"",""filedName"":""流程标题""},{""filedId"":""flowUrgent"",""filedName"":""紧急程度""},{""filedId"":""billNo"",""filedName"":""流程单据""},{""filedId"":""applyUser"",""filedName"":""申请人""},{""filedId"":""department"",""filedName"":""所属部门""},{""filedId"":""applyDate"",""filedName"":""申请时间""},{""filedId"":""articles"",""filedName"":""用品库存""},{""filedId"":""classification"",""filedName"":""用品分类""},{""filedId"":""articlesId"",""filedName"":""用品编号""},{""filedId"":""company"",""filedName"":""单位""},{""filedId"":""estimatePeople"",""filedName"":""数量""},{""filedId"":""applyReasons"",""filedName"":""申请原因""}]",,"180720174704957","1","20/7/2018 17:47:05","admin","15/5/2020 10:33:04","admin",,,
"3c7a4adead8649e5b31292b0e50c8e57","BatchTable","行文呈批","0","documentManage","/Views/WorkFlowForm/BatchTable/Form.html","/pages/work/flowform/batchtable/form.vue","[{""filedId"":""id"",""filedName"":""主键""},{""filedId"":""flowId"",""filedName"":""流程主键""},{""filedId"":""flowTitle"",""filedName"":""流程标题""},{""filedId"":""flowUrgent"",""filedName"":""紧急程度""},{""filedId"":""billNo"",""filedName"":""流程单据""},{""filedId"":""drawer"",""filedName"":""开票人""},{""filedId"":""billDate"",""filedName"":""开票日期""},{""filedId"":""companyName"",""filedName"":""公司名称""},{""filedId"":""conName"",""filedName"":""关联名称""},{""filedId"":""bank"",""filedName"":""开户银行""},{""filedId"":""amount"",""filedName"":""开户账号""},{""filedId"":""billAmount"",""filedName"":""开票金额""},{""filedId"":""taxId"",""filedName"":""税号""},{""filedId"":""invoiceId"",""filedName"":""发票号""},{""filedId"":""invoAddress"",""filedName"":""发票地址""},{""filedId"":""payAmount"",""filedName"":""付款金额""},{""filedId"":""fileJson"",""filedName"":""相关附件""},{""filedId"":""description"",""filedName"":""备注""}]",,"180713165612720","1","13/7/2018 16:56:13","admin","15/5/2020 10:36:06","admin",,,
"3f8fbe09f2bf4f6aa6c4571a948035b0","DebitBill","借支申请","0","costRelated","/Views/WorkFlowForm/DebitBill/Form.html","/pages/work/flowform/debitbill/form.vue","[{""filedId"":""id"",""filedName"":""主键""},{""filedId"":""flowId"",""filedName"":""流程主键""},{""filedId"":""flowTitle"",""filedName"":""流程标题""},{""filedId"":""flowUrgent"",""filedName"":""紧急程度""},{""filedId"":""billNo"",""filedName"":""流程单据""},{""filedId"":""fileTitle"",""filedName"":""文件标题""},{""filedId"":""draftedPerson"",""filedName"":""主办单位""},{""filedId"":""fillNum"",""filedName"":""文件编号""},{""filedId"":""sendUnit"",""filedName"":""发往单位""},{""filedId"":""typing"",""filedName"":""打字""},{""filedId"":""writingDate"",""filedName"":""发文日期""},{""filedId"":""shareNum"",""filedName"":""份数""},{""filedId"":""fileJson"",""filedName"":""相关附件""},{""filedId"":""description"",""filedName"":""备注""}]",,"180713171542723","1","13/7/2018 17:15:43","admin","15/5/2020 10:33:41","admin",,,
"462ac474404b44b690b2363e5379b63d","WarehouseReceipt","入库单","0","warehouseManagement","/Views/WorkFlowForm/WarehouseReceipt/Form.html","/pages/work/flowform/warehousereceipt/form.vue","[{""filedId"":""id"",""filedName"":""主键""},{""filedId"":""flowId"",""filedName"":""流程主键""},{""filedId"":""flowTitle"",""filedName"":""流程标题""},{""filedId"":""flowUrgent"",""filedName"":""紧急程度""},{""filedId"":""billNo"",""filedName"":""流程单据""},{""filedId"":""departmental"",""filedName"":""所属部门""},{""filedId"":""applyDate"",""filedName"":""申请时间""},{""filedId"":""staffName"",""filedName"":""员工姓名""},{""filedId"":""staffPost"",""filedName"":""员工职务""},{""filedId"":""staffId"",""filedName"":""员工编号""},{""filedId"":""loanMode"",""filedName"":""借款方式""},{""filedId"":""amountDebit"",""filedName"":""借支金额""},{""filedId"":""transferAccount"",""filedName"":""转账账户""},{""filedId"":""repaymentBill"",""filedName"":""还款票据""},{""filedId"":""teachingDate"",""filedName"":""还款日期""},{""filedId"":""paymentMethod"",""filedName"":""支付方式""},{""filedId"":""reason"",""filedName"":""借款原因""}]",,"180717223022367","1","17/7/2018 22:30:22","admin","15/5/2020 10:41:08","admin",,,
"49808010cbd0409cb79471075c5045ae","WFormOutgoingApply","测试外出申请","0","personnelManage","/Views/WorkFlowForm/WForm_OutgoingApply/Form.html","/Views/WorkFlowForm/WForm_OutgoingApply/form.vue","[{""filedId"":""id"",""filedName"":""主键""},{""filedId"":""flowId"",""filedName"":""流程主键""},{""filedId"":""flowTitle"",""filedName"":""流程标题""},{""filedId"":""flowUrgent"",""filedName"":""紧急程度""},{""filedId"":""billNo"",""filedName"":""流程单据""},{""filedId"":""supplierName"",""filedName"":""供应商名称""},{""filedId"":""contactPhone"",""filedName"":""联系电话""},{""filedId"":""warehousCategory"",""filedName"":""入库类别""},{""filedId"":""warehouse"",""filedName"":""仓库""},{""filedId"":""warehousesPeople"",""filedName"":""入库人""},{""filedId"":""deliveryNo"",""filedName"":""送货单号""},{""filedId"":""warehouseNo"",""filedName"":""入库单号""},{""filedId"":""warehousDate"",""filedName"":""入库日期""},{""filedId"":""warehouseEntry-goodsName"",""filedName"":""入库明细-商品名称""},{""filedId"":""warehouseEntry-specifications"",""filedName"":""入库明细-规格型号""},{""filedId"":""warehouseEntry-unit"",""filedName"":""入库明细-单位""},{""filedId"":""warehouseEntry-qty"",""filedName"":""入库明细-数量""},{""filedId"":""warehouseEntry-price"",""filedName"":""入库明细-单价""},{""filedId"":""warehouseEntry-amount"",""filedName"":""入库明细-金额""},{""filedId"":""warehouseEntry-description"",""filedName"":""入库明细-备注""},{""filedName"":""宣传宣传"",""filedId"":""小程序""}]",,"20200604161317628","1","4/6/2020 16:13:17","admin","6/8/2020 16:23:20","admin",,,
"56a9c635257c4f14b797376d29584630","ContractApprovalSheet","合同申请","0","contractManage","/Views/WorkFlowForm/ContractApprovalSheet/Form.html","/pages/work/flowform/contractapprovalsheet/form.vue","[{""filedId"":""id"",""filedName"":""主键""},{""filedId"":""flowId"",""filedName"":""流程主键""},{""filedId"":""flowTitle"",""filedName"":""流程标题""},{""filedId"":""flowUrgent"",""filedName"":""紧急程度""},{""filedId"":""billNo"",""filedName"":""流程单据""},{""filedId"":""applyUser"",""filedName"":""申请人""},{""filedId"":""applyDate"",""filedName"":""申请时间""},{""filedId"":""contractId"",""filedName"":""编号支出""},{""filedId"":""contractNum"",""filedName"":""合同号""},{""filedId"":""firstParty"",""filedName"":""签署方(甲方)""},{""filedId"":""secondParty"",""filedName"":""乙方""},{""filedId"":""contractName"",""filedName"":""合同名称""},{""filedId"":""contractType"",""filedName"":""合同类型""},{""filedId"":""personCharge"",""filedName"":""合同负责人""},{""filedId"":""leadDepartment"",""filedName"":""所属部门""},{""filedId"":""signArea"",""filedName"":""签订地区""},{""filedId"":""incomeAmount"",""filedName"":""收入金额""},{""filedId"":""totalExpenditure"",""filedName"":""支出总额""},{""filedId"":""contractPeriod"",""filedName"":""合同期限""},{""filedId"":""paymentMethod"",""filedName"":""付款方式""},{""filedId"":""budgetaryApproval"",""filedName"":""预算批付""},{""filedId"":""startContractDate"",""filedName"":""开始时间""},{""filedId"":""endContractDate"",""filedName"":""结束时间""},{""filedId"":""fileJson"",""filedName"":""相关附件""},{""filedId"":""contractContent"",""filedName"":""内容摘要""}]",,"180713170943817","1","13/7/2018 17:09:44","admin","15/5/2020 10:32:52","admin",,,
"578d8956c96f410093e19a5e1128cb40","ExpenseExpenditure","费用支出","0","costRelated","/Views/WorkFlowForm/ExpenseExpenditure/Form.html","/pages/work/flowform/expenseexpenditure/form.vue","[{""filedId"":""id"",""filedName"":""主键""},{""filedId"":""flowId"",""filedName"":""流程主键""},{""filedId"":""flowTitle"",""filedName"":""流程标题""},{""filedId"":""flowUrgent"",""filedName"":""紧急程度""},{""filedId"":""billNo"",""filedName"":""流程单据""},{""filedId"":""applyUser"",""filedName"":""申请人""},{""filedId"":""department"",""filedName"":""申请部门""},{""filedId"":""applyDate"",""filedName"":""申请时间""},{""filedId"":""contractNum"",""filedName"":""合同编号""},{""filedId"":""nonContract"",""filedName"":""非合同支出""},{""filedId"":""accountOpeningBank"",""filedName"":""开户银行""},{""filedId"":""bankAccount"",""filedName"":""银行账号""},{""filedId"":""openAccount"",""filedName"":""开户姓名""},{""filedId"":""paymentMethod"",""filedName"":""支付方式""},{""filedId"":""description"",""filedName"":""备注""}]",,"180716165105977","1","16/7/2018 16:51:06","admin","15/5/2020 10:33:53","admin",,,
"58210ea7dc914b08967150858d02d922","WorkContactSheet","工作联系单","0","documentManage","/Views/WorkFlowForm/WorkContactSheet/Form.html","/pages/work/flowform/workcontactsheet/form.vue","[{""filedId"":""id"",""filedName"":""主键""},{""filedId"":""flowId"",""filedName"":""流程主键""},{""filedId"":""flowTitle"",""filedName"":""流程标题""},{""filedId"":""flowUrgent"",""filedName"":""紧急程度""},{""filedId"":""billNo"",""filedName"":""流程单据""},{""filedId"":""drawPeople"",""filedName"":""发件人""},{""filedId"":""issuingDepartment"",""filedName"":""发件部门""},{""filedId"":""toDate"",""filedName"":""发件日期""},{""filedId"":""serviceDepartment"",""filedName"":""收件部门""},{""filedId"":""recipients"",""filedName"":""收件人""},{""filedId"":""collectionDate"",""filedName"":""收件日期""},{""filedId"":""coordination"",""filedName"":""协调事项""},{""filedId"":""fileJson"",""filedName"":""相关附件""}]",,"180717223433100","1","17/7/2018 22:34:33","admin","15/5/2020 10:37:34","admin",,,
"5f0aa273de3d4ff988759d43de26c76c","PaymentApply","付款申请","0","costRelated","/Views/WorkFlowForm/PaymentApply/Form.html","/pages/work/flowform/paymentapply/form.vue","[{""filedId"":""id"",""filedName"":""主键""},{""filedId"":""flowId"",""filedName"":""流程主键""},{""filedId"":""flowTitle"",""filedName"":""流程标题""},{""filedId"":""flowUrgent"",""filedName"":""紧急程度""},{""filedId"":""billNo"",""filedName"":""流程单据""},{""filedId"":""applyUser"",""filedName"":""申请人""},{""filedId"":""departmental"",""filedName"":""申请部门""},{""filedId"":""applyDate"",""filedName"":""申请时间""},{""filedId"":""purposeName"",""filedName"":""用途名称""},{""filedId"":""projectCategory"",""filedName"":""项目类别""},{""filedId"":""projectLeader"",""filedName"":""项目负责人""},{""filedId"":""openingBank"",""filedName"":""开户银行""},{""filedId"":""beneficiaryAccount"",""filedName"":""收款人账号""},{""filedId"":""receivableContact"",""filedName"":""联系方式""},{""filedId"":""paymentUnit"",""filedName"":""付款单位""},{""filedId"":""applyAmount"",""filedName"":""申请金额""},{""filedId"":""settlementMethod"",""filedName"":""结算方式""},{""filedId"":""paymentType"",""filedName"":""付款类型""},{""filedId"":""amountPaid"",""filedName"":""付款金额""},{""filedId"":""description"",""filedName"":""备注""}]",,"180717175222813","1","17/7/2018 17:52:23","admin","15/5/2020 10:34:30","admin",,,
"5f25fce7a96f4289b153015c70f9887a","MonthlyReport","月工作总结","0","routine","/Views/WorkFlowForm/MonthlyReport/Form.html	","/pages/work/flowform/monthlyreport/form.vue","[{""filedId"":""id"",""filedName"":""主键""},{""filedId"":""flowId"",""filedName"":""流程主键""},{""filedId"":""flowTitle"",""filedName"":""流程标题""},{""filedId"":""flowUrgent"",""filedName"":""紧急程度""},{""filedId"":""billNo"",""filedName"":""流程单据""},{""filedId"":""applyUser"",""filedName"":""创建人""},{""filedId"":""applyDate"",""filedName"":""创建日期""},{""filedId"":""applyDept"",""filedName"":""所属部门""},{""filedId"":""applyPost"",""filedName"":""所属职务""},{""filedId"":""planEndTime"",""filedName"":""完成时间""},{""filedId"":""overalEvaluat"",""filedName"":""总体评价""},{""filedId"":""nPWorkMatter"",""filedName"":""工作事项""},{""filedId"":""nPFinishTime"",""filedName"":""次月日期""},{""filedId"":""nFinishMethod"",""filedName"":""次月目标""},{""filedId"":""fileJson"",""filedName"":""相关附件""}]",,"180720150217450","1","20/7/2018 15:02:17","admin","15/5/2020 10:39:00","admin",,,
"662d5538beb8408b9463492aa6692f40","OutboundOrder","出库单","0","warehouseManagement","/Views/WorkFlowForm/OutboundOrder/Form.html","/pages/work/flowform/outboundorder/form.vue","[{""filedId"":""id"",""filedName"":""主键""},{""filedId"":""flowId"",""filedName"":""流程主键""},{""filedId"":""flowTitle"",""filedName"":""流程标题""},{""filedId"":""flowUrgent"",""filedName"":""紧急程度""},{""filedId"":""billNo"",""filedName"":""流程单据""},{""filedId"":""customerName"",""filedName"":""客户名称""},{""filedId"":""warehouse"",""filedName"":""仓库""},{""filedId"":""outStorage"",""filedName"":""出库人""},{""filedId"":""businessPeople"",""filedName"":""业务人员""},{""filedId"":""businessType"",""filedName"":""业务类型""},{""filedId"":""outboundDate"",""filedName"":""出库日期""},{""filedId"":""description"",""filedName"":""备注""},{""filedId"":""outboundEntry-goodsName"",""filedName"":""出库明细-商品名称""},{""filedId"":""outboundEntry-specifications"",""filedName"":""出库明细-规格型号""},{""filedId"":""outboundEntry-unit"",""filedName"":""出库明细-单位""},{""filedId"":""outboundEntry-qty"",""filedName"":""出库明细-数量""},{""filedId"":""outboundEntry-price"",""filedName"":""出库明细-单价""},{""filedId"":""outboundEntry-amount"",""filedName"":""出库明细-金额""},{""filedId"":""outboundEntry-description"",""filedName"":""出库明细-备注""}]",,"180716173111400","1","16/7/2018 17:31:11","admin","15/5/2020 10:40:57","admin",,,
"662d8949bbc046a8a543a09a4bcf7f95","LetterService","发文单","0","documentManage","/Views/WorkFlowForm/LetterService/Form.html","/pages/work/flowform/letterservice/form.vue","[{""filedId"":""id"",""filedName"":""主键""},{""filedId"":""flowId"",""filedName"":""流程主键""},{""filedId"":""flowTitle"",""filedName"":""流程标题""},{""filedId"":""flowUrgent"",""filedName"":""紧急程度""},{""filedId"":""billNo"",""filedName"":""流程单据""},{""filedId"":""hostUnit"",""filedName"":""主办单位""},{""filedId"":""title"",""filedName"":""发文标题""},{""filedId"":""issuedNum"",""filedName"":""发文字号""},{""filedId"":""writingDate"",""filedName"":""发文日期""},{""filedId"":""shareNum"",""filedName"":""份数""},{""filedId"":""mainDelivery"",""filedName"":""主抄""},{""filedId"":""copy"",""filedName"":""抄送""},{""filedId"":""fileJson"",""filedName"":""相关附件""}]",,"180716174635183","1","16/7/2018 17:46:35","admin","15/5/2020 10:36:41","admin",,,
"728d1fcb69fb46cfa06b430bc3778101","ReceiptSign","收文签呈","0","documentManage","/Views/WorkFlowForm/ReceiptSign/Form.html","/pages/work/flowform/receiptsign/form.vue","[{""filedId"":""id"",""filedName"":""主键""},{""filedId"":""flowId"",""filedName"":""流程主键""},{""filedId"":""flowTitle"",""filedName"":""流程标题""},{""filedId"":""flowUrgent"",""filedName"":""紧急程度""},{""filedId"":""billNo"",""filedName"":""流程单据""},{""filedId"":""receiptTitle"",""filedName"":""收文标题""},{""filedId"":""department"",""filedName"":""收文部门""},{""filedId"":""collector"",""filedName"":""收文人""},{""filedId"":""receiptDate"",""filedName"":""收文日期""},{""filedId"":""fileJson"",""filedName"":""相关附件""},{""filedId"":""receiptPaper"",""filedName"":""收文简述""}]",,"180717213602323","1","17/7/2018 21:36:02","admin","15/5/2020 10:37:22","admin",,,
"74c5f88140b34cbbac74ec97d38a7ddc","ApplyMeeting","会议申请","0","administrationManage","/Views/WorkFlowForm/ApplyMeeting/Form.html","/pages/work/flowform/applymeeting/form.vue","[{""filedId"":""id"",""filedName"":""主键""},{""filedId"":""flowId"",""filedName"":""流程主键""},{""filedId"":""flowTitle"",""filedName"":""流程标题""},{""filedId"":""flowUrgent"",""filedName"":""紧急程度""},{""filedId"":""billNo"",""filedName"":""流程单据""},{""filedId"":""applyUser"",""filedName"":""申请人""},{""filedId"":""position"",""filedName"":""所属职务""},{""filedId"":""conferenceName"",""filedName"":""会议名称""},{""filedId"":""conferenceTheme"",""filedName"":""会议主题""},{""filedId"":""conferenceType"",""filedName"":""会议类型""},{""filedId"":""estimatePeople"",""filedName"":""预计人数""},{""filedId"":""conferenceRoom"",""filedName"":""会议室""},{""filedId"":""administrator"",""filedName"":""管理人""},{""filedId"":""lookPeople"",""filedName"":""查看人""},{""filedId"":""memo"",""filedName"":""纪要员""},{""filedId"":""attendees"",""filedName"":""出席人""},{""filedId"":""applyMaterial"",""filedName"":""申请材料""},{""filedId"":""estimatedAmount"",""filedName"":""预计金额""},{""filedId"":""otherAttendee"",""filedName"":""其他出席人""},{""filedId"":""startDate"",""filedName"":""开始时间""},{""filedId"":""endDate"",""filedName"":""结束时间""},{""filedId"":""fileJson"",""filedName"":""相关附件""},{""filedId"":""describe"",""filedName"":""会议描述""}]",,"180713163411320","1","13/7/2018 16:34:11","admin","15/5/2020 10:31:54","admin",,,
"81fea86333fb4549a2543de022a7a131","SalesSupport","销售支持","0","saleManage","/Views/WorkFlowForm/SalesSupport/Form.html","/pages/work/flowform/salessupport/form.vue","[{""filedId"":""id"",""filedName"":""主键""},{""filedId"":""flowId"",""filedName"":""流程主键""},{""filedId"":""flowTitle"",""filedName"":""流程标题""},{""filedId"":""flowUrgent"",""filedName"":""紧急程度""},{""filedId"":""billNo"",""filedName"":""流程单据""},{""filedId"":""applyUser"",""filedName"":""申请人""},{""filedId"":""applyDate"",""filedName"":""申请日期""},{""filedId"":""applyDept"",""filedName"":""申请部门""},{""filedId"":""customer"",""filedName"":""相关客户""},{""filedId"":""project"",""filedName"":""相关项目""},{""filedId"":""pSaleSupInfo"",""filedName"":""售前支持""},{""filedId"":""startDate"",""filedName"":""开始时间""},{""filedId"":""endDate"",""filedName"":""结束时间""},{""filedId"":""pSaleSupDays"",""filedName"":""支持天数""},{""filedId"":""pSalePreDays"",""filedName"":""准备天数""},{""filedId"":""consulManager"",""filedName"":""机构咨询""},{""filedId"":""pSalSupConsul"",""filedName"":""售前顾问""},{""filedId"":""fileJson"",""filedName"":""相关附件""},{""filedId"":""salSupConclu"",""filedName"":""售前总结""},{""filedId"":""consultResult"",""filedName"":""交付说明""},{""filedId"":""iEvaluation"",""filedName"":""咨询评价""},{""filedId"":""conclusion"",""filedName"":""发起人总结""}]",,"180720100202617","1","20/7/2018 10:02:03","admin","15/5/2020 10:39:42","admin",,,
"83b832c2ec6f4601a8a05835b9d02435","FinishedProduct","成品入库","0","warehouseManagement","/Views/WorkFlowForm/FinishedProduct/Form.html","/pages/work/flowform/finishedproduct/form.vue","[{""filedId"":""id"",""filedName"":""主键""},{""filedId"":""flowId"",""filedName"":""流程主键""},{""filedId"":""flowTitle"",""filedName"":""流程标题""},{""filedId"":""flowUrgent"",""filedName"":""紧急程度""},{""filedId"":""billNo"",""filedName"":""流程单据""},{""filedId"":""warehouseName"",""filedName"":""入库人""},{""filedId"":""reservoirDate"",""filedName"":""入库时间""},{""filedId"":""description"",""filedName"":""备注""},{""filedId"":""warehouse"",""filedName"":""仓库""},{""filedId"":""finishedEntry-goodsName"",""filedName"":""入库明细-商品名称""},{""filedId"":""finishedEntry-specifications"",""filedName"":""入库明细-规格型号""},{""filedId"":""finishedEntry-unit"",""filedName"":""入库明细-单位""},{""filedId"":""finishedEntry-qty"",""filedName"":""入库明细-数量""},{""filedId"":""finishedEntry-price"",""filedName"":""入库明细-单价""},{""filedId"":""finishedEntry-amount"",""filedName"":""入库明细-金额""},{""filedId"":""finishedEntry-description"",""filedName"":""入库明细-备注""}]",,"180716170302187","1","16/7/2018 17:03:02","admin","15/5/2020 10:40:32","admin",,,
"88ec8c6508ab41cabbf0aefcbffabe70","CRM_Order","订单示例","0","crm","/Views/Extend/Order/Form.html","form.vue","[{""filedId"":""customerName"",""filedName"":""客户名称""},{""filedId"":""salesmanId"",""filedName"":""业务人员""},{""filedId"":""orderDate"",""filedName"":""订单日期""},{""filedId"":""orderCode"",""filedName"":""订单编号""},{""filedId"":""paymentMode"",""filedName"":""付款方式""},{""filedId"":""receivableMoney"",""filedName"":""付款金额""},{""filedId"":""earnestRate"",""filedName"":""定金比率""},{""filedId"":""prepayEarnest"",""filedName"":""预付定金""},{""filedId"":""transportMode"",""filedName"":""运输方式""},{""filedId"":""deliveryDate"",""filedName"":""发货日期""},{""filedId"":""deliveryAddress"",""filedName"":""发货地址""},{""filedId"":""fileJson"",""filedName"":""附件信息""},{""filedId"":""description"",""filedName"":""订单备注""},{""filedId"":""orderEntryTable-goodsCode"",""filedName"":""订单商品-商品编号""},{""filedId"":""orderEntryTable-goodsName"",""filedName"":""订单商品-商品名称""},{""filedId"":""orderEntryTable-specifications"",""filedName"":""订单商品-规格型号""},{""filedId"":""orderEntryTable-unit"",""filedName"":""订单商品-单位""},{""filedId"":""orderEntryTable-qty"",""filedName"":""订单商品-数量""},{""filedId"":""orderEntryTable-price"",""filedName"":""订单商品-单价""},{""filedId"":""orderEntryTable-amount"",""filedName"":""订单商品-金额""},{""filedId"":""orderEntryTable-discount"",""filedName"":""订单商品-折扣%""},{""filedId"":""orderEntryTable-cess"",""filedName"":""订单商品-税率%""},{""filedId"":""orderEntryTable-actualPrice"",""filedName"":""订单商品-实际单价""},{""filedId"":""orderEntryTable-actualAmount"",""filedName"":""订单商品-实际金额""},{""filedId"":""orderEntryTable-description"",""filedName"":""订单商品-备注""},{""filedId"":""orderReceivableTable-receivableDate"",""filedName"":""收款计划-收款日期""},{""filedId"":""orderReceivableTable-receivableRate"",""filedName"":""收款计划-收款比率%""},{""filedId"":""orderReceivableTable-receivableMoney"",""filedName"":""收款计划-收款金额""},{""filedId"":""orderReceivableTable-receivableMode"",""filedName"":""收款计划-收款方式""},{""filedId"":""orderReceivableTable-abstract"",""filedName"":""收款计划-收款摘要""}]",,"191205163214816","1","5/12/2019 16:32:15","admin","15/5/2020 10:26:22","admin",,,
"9a4409d98c5544528be6fd1c792ce612","DocumentSigning","文件签阅","0","documentManage","/Views/WorkFlowForm/DocumentSigning/Form.html","/pages/work/flowform/documentsigning/form.vue","[{""filedId"":""id"",""filedName"":""主键""},{""filedId"":""flowId"",""filedName"":""流程主键""},{""filedId"":""flowTitle"",""filedName"":""流程标题""},{""filedId"":""flowUrgent"",""filedName"":""紧急程度""},{""filedId"":""billNo"",""filedName"":""流程单据""},{""filedId"":""fileName"",""filedName"":""文件名称""},{""filedId"":""fillNum"",""filedName"":""文件编号""},{""filedId"":""draftedPerson"",""filedName"":""拟稿人""},{""filedId"":""reader"",""filedName"":""签阅人""},{""filedId"":""fillPreparation"",""filedName"":""文件拟办""},{""filedId"":""checkDate"",""filedName"":""签阅时间""},{""filedId"":""publicationDate"",""filedName"":""发稿日期""},{""filedId"":""fileJson"",""filedName"":""相关附件""},{""filedId"":""documentContent"",""filedName"":""文件内容""},{""filedId"":""adviceColumn"",""filedName"":""建议栏""}]",,"180713172431740","1","13/7/2018 17:24:32","admin","15/5/2020 10:36:29","admin",,,
"9d6f3b63407742a88f29d476c099ee45","SSSS111","请假申请11",,"personnelManage",,,"[{""filedName"":""沙发斯蒂芬"",""filedId"":""鼎折覆餗""}]",,"20200721094617135","0",,"admin","23/7/2020 09:12:33","admin",,,
"a937a46eee7445d3804f740ad7c52c7a","PurchaseList","日常物品采购","0","routine","/Views/WorkFlowForm/PurchaseList/Form.html","/pages/work/flowform/purchaselist/form.vue","[{""filedId"":""id"",""filedName"":""主键""},{""filedId"":""flowId"",""filedName"":""流程主键""},{""filedId"":""flowTitle"",""filedName"":""流程标题""},{""filedId"":""flowUrgent"",""filedName"":""紧急程度""},{""filedId"":""billNo"",""filedName"":""流程单据""},{""filedId"":""applyUser"",""filedName"":""申请人""},{""filedId"":""departmental"",""filedName"":""所在部门""},{""filedId"":""vendorName"",""filedName"":""供应商名称""},{""filedId"":""buyer"",""filedName"":""采购人员""},{""filedId"":""purchaseDate"",""filedName"":""采购日期""},{""filedId"":""warehouse"",""filedName"":""仓库""},{""filedId"":""telephone"",""filedName"":""联系方式""},{""filedId"":""paymentMethod"",""filedName"":""支付方式""},{""filedId"":""paymentMoney"",""filedName"":""支付总额""},{""filedId"":""fileJson"",""filedName"":""相关附件""},{""filedId"":""reason"",""filedName"":""用途原因""},{""filedId"":""purchaseEntry-goodsName"",""filedName"":""日常物品采购清单-商品名称""},{""filedId"":""purchaseEntry-specifications"",""filedName"":""日常物品采购清单-规格型号""},{""filedId"":""purchaseEntry-unit"",""filedName"":""日常物品采购清单-单位""},{""filedId"":""purchaseEntry-qty"",""filedName"":""日常物品采购清单-数量""},{""filedId"":""purchaseEntry-price"",""filedName"":""日常物品采购清单-单价""},{""filedId"":""purchaseEntry-amount"",""filedName"":""日常物品采购清单-金额""},{""filedId"":""purchaseEntry-description"",""filedName"":""日常物品采购清单-备注""}]",,"180717212649947","1","17/7/2018 21:26:50","admin","15/5/2020 10:38:47","admin",,,
"a9a724245e2142c9a94c754e67af4dba","OfficeSupplies","办公用品","0","administrationManage","/Views/WorkFlowForm/OfficeSupplies/Form.html","/pages/work/flowform/officesupplies/form.vue","[{""filedId"":""id"",""filedName"":""主键""},{""filedId"":""flowId"",""filedName"":""流程主键""},{""filedId"":""flowTitle"",""filedName"":""流程标题""},{""filedId"":""flowUrgent"",""filedName"":""紧急程度""},{""filedId"":""billNo"",""filedName"":""流程单据""},{""filedId"":""applyUser"",""filedName"":""申请人""},{""filedId"":""department"",""filedName"":""所属部门""},{""filedId"":""applyDate"",""filedName"":""申请时间""},{""filedId"":""useStock"",""filedName"":""领用仓库""},{""filedId"":""classification"",""filedName"":""用品分类""},{""filedId"":""articlesName"",""filedName"":""用品名称""},{""filedId"":""articlesNum"",""filedName"":""用品数量""},{""filedId"":""articlesId"",""filedName"":""用品编号""},{""filedId"":""applyReasons"",""filedName"":""申请原因""}]",,"180716172709633","1","16/7/2018 17:27:10","admin","15/5/2020 10:32:07","admin",,,
"b30123c2c7b042b6ae3bd81b7d097200","VehicleApply","车辆申请","0","administrationManage","/Views/WorkFlowForm/VehicleApply/Form.html","/pages/work/flowform/vehicleapply/form.vue","[{""filedId"":""id"",""filedName"":""主键""},{""filedId"":""flowId"",""filedName"":""流程主键""},{""filedId"":""flowTitle"",""filedName"":""流程标题""},{""filedId"":""flowUrgent"",""filedName"":""紧急程度""},{""filedId"":""billNo"",""filedName"":""流程单据""},{""filedId"":""carMan"",""filedName"":""用车人""},{""filedId"":""department"",""filedName"":""所在部门""},{""filedId"":""plateNum"",""filedName"":""车牌号""},{""filedId"":""bookedDriver"",""filedName"":""预约司机""},{""filedId"":""startDate"",""filedName"":""开始时间""},{""filedId"":""endDate"",""filedName"":""结束时间""},{""filedId"":""destination"",""filedName"":""目的地""},{""filedId"":""roadFee"",""filedName"":""路费金额""},{""filedId"":""kilometreNum"",""filedName"":""公里数""},{""filedId"":""entourage"",""filedName"":""随行人数""},{""filedId"":""otherInfo"",""filedName"":""其他信息""},{""filedId"":""description"",""filedName"":""备注""}]",,"180717221850050","1","17/7/2018 22:18:51","admin","15/5/2020 10:32:26","admin",,,
"bbc7eda8f3a14e109daeedf44049ffc9","BatchPack","批包装指令","0","warehouseManagement","/Views/WorkFlowForm/BatchPack/Form.html	","/pages/work/flowform/batchpack/form.vue","[{""filedId"":""id"",""filedName"":""主键""},{""filedId"":""flowId"",""filedName"":""流程主键""},{""filedId"":""flowTitle"",""filedName"":""流程标题""},{""filedId"":""flowUrgent"",""filedName"":""紧急程度""},{""filedId"":""billNo"",""filedName"":""流程单据""},{""filedId"":""productName"",""filedName"":""产品名称""},{""filedId"":""production"",""filedName"":""生产车间""},{""filedId"":""compactor"",""filedName"":""编制人员""},{""filedId"":""compactorDate"",""filedName"":""编制日期""},{""filedId"":""standard"",""filedName"":""产品规格""},{""filedId"":""warehousNo"",""filedName"":""入库序号""},{""filedId"":""productionQuty"",""filedName"":""批产数量""},{""filedId"":""operationDate"",""filedName"":""操作日期""},{""filedId"":""regulations"",""filedName"":""工艺规程""},{""filedId"":""packing"",""filedName"":""包装规格""},{""filedId"":""description"",""filedName"":""备注""}]",,"180713165035497","1","13/7/2018 16:50:35","admin","15/5/2020 10:40:21","admin",,,
"bc18f24011164f1a9b2834f4d651aa87","SalesOrder","销售订单","0","saleManage","/Views/WorkFlowForm/SalesOrder/Form.html","/pages/work/flowform/salesorder/form.vue","[{""filedId"":""id"",""filedName"":""主键""},{""filedId"":""flowId"",""filedName"":""流程主键""},{""filedId"":""flowTitle"",""filedName"":""流程标题""},{""filedId"":""flowUrgent"",""filedName"":""流程等级""},{""filedId"":""billNo"",""filedName"":""流程单据""},{""filedId"":""customerName"",""filedName"":""客户名称""},{""filedId"":""setOutDate"",""filedName"":""开单日期""},{""filedId"":""contacts"",""filedName"":""联系人员""},{""filedId"":""contactPhone"",""filedName"":""联系电话""},{""filedId"":""customerAddres"",""filedName"":""客户地址""},{""filedId"":""salesman"",""filedName"":""业务人员""},{""filedId"":""ticketNum"",""filedName"":""发票编号""},{""filedId"":""invoiceType"",""filedName"":""发票类型""},{""filedId"":""paymentMethod"",""filedName"":""付款方式""},{""filedId"":""paymentMoney"",""filedName"":""付款金额""},{""filedId"":""fileJson"",""filedName"":""相关附件""},{""filedId"":""description"",""filedName"":""开单备注""},{""filedId"":""salesEntry-goodsName"",""filedName"":""销售明细-商品名称""},{""filedId"":""salesEntry-specifications"",""filedName"":""销售明细-规格型号""},{""filedId"":""salesEntry-unit"",""filedName"":""销售明细-单位""},{""filedId"":""salesEntry-qty"",""filedName"":""销售明细-数量""},{""filedId"":""salesEntry-price"",""filedName"":""销售明细-单价""},{""filedId"":""salesEntry-amount"",""filedName"":""销售明细-金额""},{""filedId"":""salesEntry-description"",""filedName"":""销售明细-备注""}]",,"180711210259143","1","11/7/2018 21:02:59","admin","15/5/2020 10:39:12","admin",,,
"bec8db711cf54582ad633683fb903faa","ReceiptProcessing","收文处理","0","documentManage","/Views/WorkFlowForm/ReceiptProcessing/Form.html","/pages/work/flowform/receiptprocessing/form.vue","[{""filedId"":""id"",""filedName"":""主键""},{""filedId"":""flowId"",""filedName"":""流程主键""},{""filedId"":""flowTitle"",""filedName"":""流程标题""},{""filedId"":""flowUrgent"",""filedName"":""紧急程度""},{""filedId"":""billNo"",""filedName"":""流程单据""},{""filedId"":""fileTitle"",""filedName"":""文件标题""},{""filedId"":""communicationUnit"",""filedName"":""来文单位""},{""filedId"":""letterNum"",""filedName"":""来文字号""},{""filedId"":""receiptDate"",""filedName"":""来文日期""},{""filedId"":""fileJson"",""filedName"":""相关附件""}]",,"180717213031287","1","17/7/2018 21:30:31","admin","15/5/2020 10:37:10","admin",,,
"cfe63c17fd144ca1a6d35d0ec272ce70","OutgoingApply","外出申请","0","personnelManage","/Views/WorkFlowForm/OutgoingApply/Form.html","/pages/work/flowform/outgoingapply/form.vue","[{""filedId"":""id"",""filedName"":""主键""},{""filedId"":""flowId"",""filedName"":""流程主键""},{""filedId"":""flowTitle"",""filedName"":""流程标题""},{""filedId"":""flowUrgent"",""filedName"":""紧急程度""},{""filedId"":""billNo"",""filedName"":""流程单据""},{""filedId"":""applyUser"",""filedName"":""申请人""},{""filedId"":""department"",""filedName"":""所在部门""},{""filedId"":""applyDate"",""filedName"":""申请时间""},{""filedId"":""outgoingTotle"",""filedName"":""外出总计""},{""filedId"":""startTime"",""filedName"":""开始时间""},{""filedId"":""endTime"",""filedName"":""结束时间""},{""filedId"":""destination"",""filedName"":""目的地""},{""filedId"":""fileJson"",""filedName"":""相关附件""},{""filedId"":""outgoingCause"",""filedName"":""外出事由""}]","外出申请","180716173635943","1","16/7/2018 17:36:36","admin","15/5/2020 10:37:59","admin",,,
"d5b5bdf8d4274d74abbb36d8e02a15f0","DocumentApproval","文件签批","0","documentManage","/Views/WorkFlowForm/DocumentApproval/Form.html","/pages/work/flowform/documentapproval/form.vue","[{""filedId"":""id"",""filedName"":""主键""},{""filedId"":""flowId"",""filedName"":""流程主键""},{""filedId"":""flowTitle"",""filedName"":""流程标题""},{""filedId"":""flowUrgent"",""filedName"":""紧急程度""},{""filedId"":""billNo"",""filedName"":""流程单据""},{""filedId"":""fileName"",""filedName"":""文件名称""},{""filedId"":""draftedPerson"",""filedName"":""拟稿人""},{""filedId"":""serviceUnit"",""filedName"":""发文单位""},{""filedId"":""fillPreparation"",""filedName"":""文件拟办""},{""filedId"":""fillNum"",""filedName"":""文件编号""},{""filedId"":""receiptDate"",""filedName"":""收文日期""},{""filedId"":""fileJson"",""filedName"":""相关附件""},{""filedId"":""modifyOpinion"",""filedName"":""修改意见""}]",,"180713171956570","1","13/7/2018 17:19:57","admin","15/5/2020 10:36:17","admin",,,
"d5cf4ce61fc543349c736302471295d4","PayDistribution","薪酬发放","0","costRelated","/Views/WorkFlowForm/PayDistribution/Form.html","/pages/work/flowform/paydistribution/form.vue","[{""filedId"":""id"",""filedName"":""主键""},{""filedId"":""flowId"",""filedName"":""流程主键""},{""filedId"":""flowTitle"",""filedName"":""流程标题""},{""filedId"":""flowUrgent"",""filedName"":""紧急程度""},{""filedId"":""billNo"",""filedName"":""流程单据""},{""filedId"":""month"",""filedName"":""所属月份""},{""filedId"":""issuingUnit"",""filedName"":""发放单位""},{""filedId"":""department"",""filedName"":""员工部门""},{""filedId"":""position"",""filedName"":""员工职位""},{""filedId"":""baseSalary"",""filedName"":""基本薪资""},{""filedId"":""actualAttendance"",""filedName"":""出勤天数""},{""filedId"":""allowance"",""filedName"":""员工津贴""},{""filedId"":""incomeTax"",""filedName"":""所得税""},{""filedId"":""insurance"",""filedName"":""员工保险""},{""filedId"":""performance"",""filedName"":""员工绩效""},{""filedId"":""overtimePay"",""filedName"":""加班费用""},{""filedId"":""grossPay"",""filedName"":""应发工资""},{""filedId"":""payroll"",""filedName"":""实发工资""},{""filedId"":""description"",""filedName"":""备注""}]",,"180717174555983","1","17/7/2018 17:45:56","admin","15/5/2020 10:34:18","admin",,,
"d9105f1839834c1aaa2769a4ab06336b","MaterialRequisition","领料单","0","warehouseManagement","/Views/WorkFlowForm/MaterialRequisition/Form.html","/pages/work/flowform/materialrequisition/form.vue","[{""filedId"":""id"",""filedName"":""主键""},{""filedId"":""flowId"",""filedName"":""流程主键""},{""filedId"":""flowTitle"",""filedName"":""流程标题""},{""filedId"":""flowUrgent"",""filedName"":""紧急程度""},{""filedId"":""billNo"",""filedName"":""流程单据""},{""filedId"":""leadPeople"",""filedName"":""领料人""},{""filedId"":""leadDepartment"",""filedName"":""领料部门""},{""filedId"":""leadDate"",""filedName"":""领料日期""},{""filedId"":""warehouse"",""filedName"":""仓库""},{""filedId"":""description"",""filedName"":""备注""},{""filedId"":""materialEntry-goodsName"",""filedName"":""领料明细-产品名称""},{""filedId"":""materialEntry-specifications"",""filedName"":""领料明细-规格型号""},{""filedId"":""materialEntry-unit"",""filedName"":""领料明细-单位""},{""filedId"":""materialEntry-materialDemand"",""filedName"":""领料明细-需数量""},{""filedId"":""materialEntry-proportioning"",""filedName"":""领料明细-配数量""},{""filedId"":""materialEntry-price"",""filedName"":""领料明细-单价""},{""filedId"":""materialEntry-amount"",""filedName"":""领料明细-金额""},{""filedId"":""materialEntry-description"",""filedName"":""领料明细-备注""}]",,"180716172223307","1","16/7/2018 17:22:23","admin","15/5/2020 10:40:44","admin",,,
"e0de7ae74c6b4eceb467bb5de940f55a","ViolationHandling","违章处理","0","costRelated","/Views/WorkFlowForm/ViolationHandling/Form.html","/pages/work/flowform/violationhandling/form.vue","[{""filedId"":""id"",""filedName"":""主键""},{""filedId"":""flowId"",""filedName"":""流程主键""},{""filedId"":""flowTitle"",""filedName"":""流程标题""},{""filedId"":""flowUrgent"",""filedName"":""紧急程度""},{""filedId"":""billNo"",""filedName"":""流程单据""},{""filedId"":""plateNum"",""filedName"":""车牌号""},{""filedId"":""driver"",""filedName"":""驾驶人""},{""filedId"":""leadingOfficial"",""filedName"":""负责人""},{""filedId"":""peccancyDate"",""filedName"":""违章日期""},{""filedId"":""noticeDate"",""filedName"":""通知日期""},{""filedId"":""limitDate"",""filedName"":""限处理日期""},{""filedId"":""violationSite"",""filedName"":""违章地点""},{""filedId"":""violationBehavior"",""filedName"":""违章行为""},{""filedId"":""deduction"",""filedName"":""违章扣分""},{""filedId"":""amountMoney"",""filedName"":""违章罚款""},{""filedId"":""description"",""filedName"":""备注""}]",,"180717222502980","1","17/7/2018 22:25:03","admin","15/5/2020 10:35:21","admin",,,
"ebf3e8ee68fa4b35b7d20ad03c92d097","StaffOvertime","加班申请","0","personnelManage","/Views/WorkFlowForm/StaffOvertime/Form.html","/pages/work/flowform/staffovertime/form.vue","[{""filedId"":""id"",""filedName"":""主键""},{""filedId"":""flowId"",""filedName"":""流程主键""},{""filedId"":""flowTitle"",""filedName"":""流程标题""},{""filedId"":""flowUrgent"",""filedName"":""紧急程度""},{""filedId"":""billNo"",""filedName"":""流程单据""},{""filedId"":""applyUser"",""filedName"":""申请人""},{""filedId"":""department"",""filedName"":""所在部门""},{""filedId"":""applyDate"",""filedName"":""申请日期""},{""filedId"":""totleTime"",""filedName"":""总计时间""},{""filedId"":""startTime"",""filedName"":""开始时间""},{""filedId"":""endTime"",""filedName"":""结束时间""},{""filedId"":""category"",""filedName"":""记入类别""},{""filedId"":""cause"",""filedName"":""加班事由""}]",,"180717220024690","1","17/7/2018 22:00:25","admin","15/5/2020 10:38:12","admin",,,
"eeef190ab37a45fab28577f54d78c4bf","LeaveApply","请假申请","0","personnelManage","/Views/WorkFlowForm/LeaveApply/Form.html","/pages/work/flowform/leaveapply/form.vue","[{""filedId"":""flowTitle"",""filedName"":""流程标题""},{""filedId"":""flowUrgent"",""filedName"":""紧急情况""},{""filedId"":""applyUser"",""filedName"":""申请人员""},{""filedId"":""applyDate"",""filedName"":""申请日期""},{""filedId"":""applyDept"",""filedName"":""申请部门""},{""filedId"":""applyPost"",""filedName"":""申请职位""},{""filedId"":""leaveType"",""filedName"":""请假类别""},{""filedId"":""leaveReason"",""filedName"":""请假原因""},{""filedId"":""leaveStartTime"",""filedName"":""请假时间""},{""filedId"":""leaveEndTime"",""filedName"":""结束时间""},{""filedId"":""leaveDayCount"",""filedName"":""请假天数""},{""filedId"":""leaveHour"",""filedName"":""请假小时""},{""filedId"":""fileJson"",""filedName"":""相关附件""},{""filedId"":""description"",""filedName"":""请假备注""}]","测试","180122104114170","1","22/1/2018 10:41:14","admin","14/7/2020 10:56:51",,,,
"ef630c0650214adfbc73955331668230","ApplyDeliverGoods","发货申请","0","warehouseManagement","/Views/WorkFlowForm/ApplyDeliverGoods/Form.html","/pages/work/flowform/applydelivergoods/form.vue","[{""filedId"":""id"",""filedName"":""主键""},{""filedId"":""flowId"",""filedName"":""流程主键""},{""filedId"":""flowTitle"",""filedName"":""流程标题""},{""filedId"":""flowUrgent"",""filedName"":""紧急程度""},{""filedId"":""billNo"",""filedName"":""流程单据""},{""filedId"":""customerName"",""filedName"":""客户名称""},{""filedId"":""contacts"",""filedName"":""联系人""},{""filedId"":""contactPhone"",""filedName"":""联系电话""},{""filedId"":""customerAddres"",""filedName"":""客户地址""},{""filedId"":""goodsBelonged"",""filedName"":""货品所属""},{""filedId"":""invoiceDate"",""filedName"":""发货日期""},{""filedId"":""freightCompany"",""filedName"":""货运公司""},{""filedId"":""deliveryType"",""filedName"":""发货类型""},{""filedId"":""rransportNum"",""filedName"":""货运单号""},{""filedId"":""freightCharges"",""filedName"":""货运费""},{""filedId"":""cargoInsurance"",""filedName"":""保险金额""},{""filedId"":""invoiceValue"",""filedName"":""发货金额""},{""filedId"":""description"",""filedName"":""备注""},{""filedId"":""deliverEntry-goodsName"",""filedName"":""发货明细-商品名称""},{""filedId"":""deliverEntry-specifications"",""filedName"":""发货明细-规格型号""},{""filedId"":""deliverEntry-unit"",""filedName"":""发货明细-单位""},{""filedId"":""deliverEntry-qty"",""filedName"":""发货明细-数量""},{""filedId"":""deliverEntry-price"",""filedName"":""发货明细-单价""},{""filedId"":""deliverEntry-amount"",""filedName"":""发货明细-金额""},{""filedId"":""deliverEntry-description"",""filedName"":""发货明细-备注""}]",,"180712120138267","1","12/7/2018 12:01:38","admin","15/5/2020 10:39:56","admin",,,
"f3f92f5d9d464fa19978c3779fdf42d7","TravelReimbursement","差旅报销","0","costRelated","/Views/WorkFlowForm/TravelReimbursement/Form.html","/pages/work/flowform/travelreimbursement/form.vue","[{""filedId"":""id"",""filedName"":""主键""},{""filedId"":""flowId"",""filedName"":""流程主键""},{""filedId"":""flowTitle"",""filedName"":""流程标题""},{""filedId"":""flowUrgent"",""filedName"":""流程等级""},{""filedId"":""billNo"",""filedName"":""流程单据""},{""filedId"":""applyUser"",""filedName"":""申请人""},{""filedId"":""departmental"",""filedName"":""申请部门""},{""filedId"":""billsNum"",""filedName"":""票据数""},{""filedId"":""businessMission"",""filedName"":""出差任务""},{""filedId"":""setOutDate"",""filedName"":""出发日期""},{""filedId"":""returnDate"",""filedName"":""回归日期""},{""filedId"":""destination"",""filedName"":""目的地""},{""filedId"":""planeTicket"",""filedName"":""机票费""},{""filedId"":""fare"",""filedName"":""车船费""},{""filedId"":""getAccommodation"",""filedName"":""住宿费用""},{""filedId"":""travelAllowance"",""filedName"":""出差补助""},{""filedId"":""other"",""filedName"":""其他费用""},{""filedId"":""total"",""filedName"":""合计""},{""filedId"":""reimbursementAmount"",""filedName"":""报销金额""},{""filedId"":""loanAmount"",""filedName"":""借款金额""},{""filedId"":""sumOfMoney"",""filedName"":""补找金额""},{""filedId"":""travelerUser"",""filedName"":""出差人""},{""filedId"":""reimbursementId "",""filedName"":""报销编号""},{""filedId"":""railTransit"",""filedName"":""轨道交通费""},{""filedId"":""vehicleMileage"",""filedName"":""车辆里程""},{""filedId"":""roadFee"",""filedName"":""过路费""},{""filedId"":""parkingRate"",""filedName"":""停车费""},{""filedId"":""mealAllowance"",""filedName"":""餐补费用""},{""filedId"":""breakdownFee"",""filedName"":""故障报修费""},{""filedId"":""applyDate"",""filedName"":""申请时间""}]","差旅报销申请表","180709211541910","1","9/7/2018 21:15:42","admin","15/5/2020 10:33:18","admin",,,
"fe68edd2d6f84092ae09c03cfaaedfe5","IncomeRecognition","收入确认","0","costRelated","/Views/WorkFlowForm/IncomeRecognition/Form.html","/pages/work/flowform/incomerecognition/form.vue","[{""filedId"":""id"",""filedName"":""主键""},{""filedId"":""flowId"",""filedName"":""流程主键""},{""filedId"":""flowTitle"",""filedName"":""流程标题""},{""filedId"":""flowUrgent"",""filedName"":""紧急程度""},{""filedId"":""billNo"",""filedName"":""流程单据""},{""filedId"":""settlementMonth"",""filedName"":""结算月份""},{""filedId"":""customerName"",""filedName"":""客户名称""},{""filedId"":""contractNum"",""filedName"":""合同编号""},{""filedId"":""totalAmount"",""filedName"":""总金额""},{""filedId"":""moneyBank"",""filedName"":""到款银行""},{""filedId"":""actualAmount"",""filedName"":""到款金额 ""},{""filedId"":""paymentDate"",""filedName"":""到款日期""},{""filedId"":""contactName"",""filedName"":""联系人姓名""},{""filedId"":""contacPhone"",""filedName"":""联系人电话""},{""filedId"":""contactQQ"",""filedName"":""联系QQ""},{""filedId"":""unpaidAmount"",""filedName"":""未付金额""},{""filedId"":""amountPaid"",""filedName"":""已付金额""},{""filedId"":""description"",""filedName"":""备注""}]",,"180716171509083","1","16/7/2018 17:15:10","admin","15/5/2020 10:34:05","admin",,,
