"F_Id","F_OpenId","F_MaterialsType","F_Title","F_ThumbMediaId","F_Author","F_ContentSourceUrl","F_Content","F_Digest","F_ShowCoverPic","F_ThumbUrl","F_NeedOpenComment","F_OnlyFansCanComment","F_FileJson","F_SortCode","F_Description","F_UploadDate","F_UploadUser","F_EnabledMark","F_Introduction","F_ReturnUrl","F_MediaId"
"012108f9e23346848d89f0d838354138",,"4","111",,,,,,,,,,"20200907_94aa2be789be435f9836e415a325e51c.amr","20200907140932271",,"7/9/2020 06:09:32","admin","0","111",,"GhF5j9YVoqAnkp3sLVaKz8S1mVPMVuEzHRr_VdbwGFM"
"077c5369ed2c465aae8cb6c813b1d39e",,"3",,,,,,,,,,,"20200907_cea048219d3d4bd9a7eccc9a73a1b537.amr","20200907140816505",,"7/9/2020 06:08:17","admin","0",,,"GhF5j9YVoqAnkp3sLVaKz6fZpKp4ndskBpH1EOZ0sEs"
"0879058e09b640fa88f9a3db124c5224",,"4","大幅度",,"大幅度",,"<p> 是的 </p>",,,,,,"20200907_9ec45bbc9e4f4c66806a5895ae704229.amr","20200907140802755",,"7/9/2020 06:08:03","admin","0",,,"GhF5j9YVoqAnkp3sLVaKz-U7BJBqrRdq9yBskeckOho"
"32589893c9054a339114fe4faab6b613",,"4","111",,,,,,,,,,"20200907_94aa2be789be435f9836e415a325e51c.amr","20200907140916690",,"7/9/2020 06:09:17","admin","0","111",,"GhF5j9YVoqAnkp3sLVaKzz73LDIxz4F7DuorikkfDW8"
"38f65d0824d14281817979754ddb6553","o6FJX1u7UP1hUg96ECLfKvZDVeDc","4","111",,,,,,,,,,"20200907_94aa2be789be435f9836e415a325e51c.amr","20200907140926028",,"7/9/2020 06:09:26","admin","0","111",,"GhF5j9YVoqAnkp3sLVaKz1YqK0JiiDpL5ttSVw_UYB0"
"4198ee1092dd4360b7a352b2d91d4604",,"2",,,,,,,,,,,"20200907_36d5964f85954e289326a161d2d16bfd.png","20200907140057148",,"7/9/2020 06:00:57","admin","0",,"http://mmbiz.qpic.cn/mmbiz_png/Jb7Cg1RrvunCYno6TMDw2f0miciaiavZjAv0ZswnELGibJZdzsWBpLt53VAnlD49ytaic09pOHOYrmDXdtoW6w4HbxQ/0?wx_fmt=png","GhF5j9YVoqAnkp3sLVaKzy8FjzfoFvWtJvYPGZBX4mc"
"46097ccdfaf64e28a995a1089d488445",,"2",,,,,,,,,,,"20200715_b212cdc9dc0f41b5b08498af26570dfb.png","20200715173713677",,"15/7/2020 17:37:14","a133c2e4-212d-414e-b9d1-5ca443b1e95d","0",,"http://mmbiz.qpic.cn/mmbiz_png/Jb7Cg1Rrvukia4RwUCCQ4HrTWc7nx3vicwCU59jAibPRlm347pe4hCRApwkj3YyibLwialPrs3pBNqDqibmWlfTWGOYA/0?wx_fmt=png","GhF5j9YVoqAnkp3sLVaKz5AR_yx5kYTXpPWzDeaMY9g"
"506d815ece5741a299bff1e1bd4b56b9","o6FJX1u7UP1hUg96ECLfKvZDVeDc","5","232132",,"213213",,"<p>21321321321321</p>","123213",,,,,"20200710_a6e7c33acaf7498f978c3eec30f5f396.jpeg","20200710155845750",,"10/7/2020 15:58:46","admin","0",,"http://mmbiz.qpic.cn/mmbiz_jpg/Jb7Cg1RrvumHIZAAqvwFmEd5RibS2icZFXzkNVtmg0WRxYlsa8LibNRvOzOavGgDicXPmyUqN0iaZS5soDglh8GnLTA/0?wx_fmt=jpeg","GhF5j9YVoqAnkp3sLVaKz18hrAG5tQiXdal94OwbCk0"
"510922c3f25646d4966d709dd4dd8578",,"3",,,,,,,,,,,"20200907_7ebc436360734ba5a2ff429edd2b83cd.amr","20200907140839611",,"7/9/2020 06:08:40","admin","0",,,"GhF5j9YVoqAnkp3sLVaKz_JiZ1c1WNMKoL_Mo3WeOaA"
"5cb99cf5f2e843d1b0db09eba13a7453",,"4","213",,,,,,,,,,"20200710_96c06fad41d64c71b64762cb6c2139e5.mp4","20200710164546922",,"10/7/2020 16:45:47","admin","0","213213213213",,"GhF5j9YVoqAnkp3sLVaKz5hBYZnXN8QHuBXmPpiqYBQ"
"5e83b6042911469b91e2877b3e3be688",,"2","22",,,,,,,,,,"20200907_7b0cdb915f2847b1bf2803002a023b04.png","20200907115401554",,"7/9/2020 03:54:02","admin","0",,"http://mmbiz.qpic.cn/mmbiz_png/Jb7Cg1RrvunCYno6TMDw2f0miciaiavZjAvB9lpDS9FTAFhl8CWNlpcBytkib4fn96Q3Z3xebfoMt3ibbgsUogoHwuA/0?wx_fmt=png","GhF5j9YVoqAnkp3sLVaKz1isSw1LrSlg8-uyX8_9y1k"
"602e4ec92ece4cbbb1b166559463a4aa",,"5","1",,"1",,"<p>2</p>",,,,,,"20200908_0b641a48f36541ad972b3fa5dbfecbc7.png","20200908083616454",,"8/9/2020 00:36:16","249cf67d-fd9d-42da-8c2f-0481a7113446","0",,"http://mmbiz.qpic.cn/mmbiz_png/Jb7Cg1RrvumibicpPrbwNCW5GiaOvZeQ7KOZkVMxt6DrBnmSkj0qxia1oRj1AzqjMhglL2icib4y3MticNY5XNnS80icgA/0?wx_fmt=png","GhF5j9YVoqAnkp3sLVaKzzXqnkxJbHZKb7S-_6LlHF4"
"6578bfe27a9c4d81b86d16c6874809bd",,"3",,,,,,,,,,,"20200710_b720016b38ad41d3b12bba6463b3060d.mp3","20200710155248210",,"10/7/2020 15:52:48","admin","0",,,"GhF5j9YVoqAnkp3sLVaKz9OQ3EH6em8JAxo0EPAw9_A"
"691384add8e140d38bb91ecac1456396",,"2",,,,,,,,,,,"20200715_10c9a5f16ddc438fb4166699118e206d.png","20200715173109445",,"15/7/2020 17:31:09","a133c2e4-212d-414e-b9d1-5ca443b1e95d","0",,"http://mmbiz.qpic.cn/mmbiz_png/Jb7Cg1Rrvukia4RwUCCQ4HrTWc7nx3vicw5yErm1DYXBKnVicYKjzZsnibfiaxMwhk79jrbq7pf9oEVp42yu2licRzRg/0?wx_fmt=png","GhF5j9YVoqAnkp3sLVaKz3e0qO9mIaEcJgzYgcNggY0"
"6aa8704ec7204ec8a3c8814efefbdd10",,"2",,,,,,,,,,,"20200710_161a065fbedb48b99af03c3fbfd94a98.jpeg","20200710154838108",,"10/7/2020 15:48:38","admin","0",,"http://mmbiz.qpic.cn/mmbiz_jpg/Jb7Cg1RrvumHIZAAqvwFmEd5RibS2icZFXzkNVtmg0WRxYlsa8LibNRvOzOavGgDicXPmyUqN0iaZS5soDglh8GnLTA/0?wx_fmt=jpeg","GhF5j9YVoqAnkp3sLVaKz9zYtK9jZVNJyhc-NElKKpk"
"71b1feb53bdb4ea88c3cc8364ce07ca6","o6FJX1u7UP1hUg96ECLfKvZDVeDc","3",,,,,,,,,,,"20200710_a1cfaccdb3af40dbb9c93a3ad0082e4d.mp3","20200710155726079",,"10/7/2020 15:57:26","admin","0",,,"GhF5j9YVoqAnkp3sLVaKz41s754sxjYzo479f73S9dc"
"8ac6ba37849d4ac18af6a65c59718842","o6FJX1u7UP1hUg96ECLfKvZDVeDc","5","21312",,"21321321",,"<p>213213123</p>","213",,,,,"20200710_5df08866cbab45c1844fd83ea4e890c6.jpeg","20200710160312159",,"10/7/2020 16:03:12","admin","0",,"http://mmbiz.qpic.cn/mmbiz_jpg/Jb7Cg1RrvumHIZAAqvwFmEd5RibS2icZFXzkNVtmg0WRxYlsa8LibNRvOzOavGgDicXPmyUqN0iaZS5soDglh8GnLTA/0?wx_fmt=jpeg","GhF5j9YVoqAnkp3sLVaKz7MQpX_RJyJS9-QVDfbmOek"
"911829ff43764355a669ea52b9e60b63","o6FJX1u7UP1hUg96ECLfKvZDVeDc","5","232132",,"213213",,"<p>21321321321321</p>","123213",,,,,"20200710_a6e7c33acaf7498f978c3eec30f5f396.jpeg","20200710155901873",,"10/7/2020 15:59:02","admin","0",,"http://mmbiz.qpic.cn/mmbiz_jpg/Jb7Cg1RrvumHIZAAqvwFmEd5RibS2icZFXzkNVtmg0WRxYlsa8LibNRvOzOavGgDicXPmyUqN0iaZS5soDglh8GnLTA/0?wx_fmt=jpeg","GhF5j9YVoqAnkp3sLVaKz-X6gof6Qvs_2kPoTK6zuAA"
"9eced4de083e47068f7ae9bcc1e2c2c7",,"2",,,,,,,,,,,"20200715_901cf0bf250e484c9376f6d55e728032.png","20200715150954491",,"15/7/2020 15:09:54","a133c2e4-212d-414e-b9d1-5ca443b1e95d","0",,"http://mmbiz.qpic.cn/mmbiz_png/Jb7Cg1Rrvukia4RwUCCQ4HrTWc7nx3vicw5yErm1DYXBKnVicYKjzZsnibfiaxMwhk79jrbq7pf9oEVp42yu2licRzRg/0?wx_fmt=png","GhF5j9YVoqAnkp3sLVaKzz_pR3r1wKFeV6Rf76EQE_U"
"b3b9bdfffbf0438da073cbdd409d0244",,"3",,,,,,,,,,,"20200710_0be242c67f5145b1887af9103bced321.mp3","20200710164532491",,"10/7/2020 16:45:32","admin","0",,,"GhF5j9YVoqAnkp3sLVaKzxruI3Zfqe4-WNKZS_eI3M8"
"bf0c3ea6c0a34a3593a44631ef98927e",,"3",,,,,,,,,,,"20200907_9aaefa4a9d924a4481aa249025cd0f0e.amr","20200907140856366",,"7/9/2020 06:08:56","admin","0",,,"GhF5j9YVoqAnkp3sLVaKz-Aeb1by17sZDijM5IPIe_Q"
"dc6acabb2c714e91ae892a854b199de4",,"5","1","GhF5j9YVoqAnkp3sLVaKzzXqnkxJbHZKb7S-_6LlHF4","1",,"<p>2</p>",,"1",,"1","0","20200908_0b641a48f36541ad972b3fa5dbfecbc7.png","20200908083617472",,"8/9/2020 00:36:17","249cf67d-fd9d-42da-8c2f-0481a7113446","0",,"http://mmbiz.qpic.cn/mmbiz_png/Jb7Cg1RrvumibicpPrbwNCW5GiaOvZeQ7KOZkVMxt6DrBnmSkj0qxia1oRj1AzqjMhglL2icib4y3MticNY5XNnS80icgA/0?wx_fmt=png","GhF5j9YVoqAnkp3sLVaKzxVHhgkN9xcN00dUme3Evww"
"f20e186c682040028398f08ddbbb4d0c",,"2",,,,,,,,,,,"20200714_ca9ccf312c6141f79bc0d65ac5317b6a.jpg","20200714104804676",,"14/7/2020 10:48:05",,"0",,"http://mmbiz.qpic.cn/mmbiz_jpg/Jb7Cg1Rrvuko1lTSnusMZtnzic2M3Q18aBVsjwy0MFz7QNrB3fsdMsOKawpqGicXcXPbpibMIDTCUK4sxEB1ARcOw/0?wx_fmt=jpeg","GhF5j9YVoqAnkp3sLVaKzwX7DfIo807P6ZaMnOpbtQo"
"f951f2f737f84c03a7939e98ee51a8f4",,"3",,,,,,,,,,,"20200710_b5f179acc7ab46e8bd7dc6f0bf17d49f.mp3","20200710155423101",,"10/7/2020 15:54:23","admin","0",,,"GhF5j9YVoqAnkp3sLVaKz8Gt8GG9MhNPO_EUAigzx4w"
"fce861b0dbc04d6db0202b8d163f1390","o6FJX1u7UP1hUg96ECLfKvZDVeDc","4","21312321",,,,,,,,,,"20200710_c267babbbc814c97a077b80294dedcc4.mp4","20200710160523307",,"10/7/2020 16:05:23","admin","0","qweqwewq",,"GhF5j9YVoqAnkp3sLVaKz90j5LgP9ufF4F7EFAuG2E4"
"ff3449ae81df44f39c67b5f141f1a4a7","o6FJX1u7UP1hUg96ECLfKvZDVeDc","5","21312","GhF5j9YVoqAnkp3sLVaKz7MQpX_RJyJS9-QVDfbmOek","21321321",,"<p>213213123</p>","213","1",,"1","0","20200710_5df08866cbab45c1844fd83ea4e890c6.jpeg","20200710160313033",,"10/7/2020 16:03:13","admin","0",,"http://mmbiz.qpic.cn/mmbiz_jpg/Jb7Cg1RrvumHIZAAqvwFmEd5RibS2icZFXzkNVtmg0WRxYlsa8LibNRvOzOavGgDicXPmyUqN0iaZS5soDglh8GnLTA/0?wx_fmt=jpeg","GhF5j9YVoqAnkp3sLVaKz6pmW_G4LdkFk9ZZO0fPgqM"
