"F_Id","F_IsToAll","F_OpenId","F_MsgType","F_Title","F_ThumbMediaId","F_Author","F_ContentSourceUrl","F_Content","F_TxtContent","F_Digest","F_ShowCoverPic","F_ThumbUrl","F_NeedOpenComment","F_OnlyFansCanComment","F_MsgId","F_MsgDataIid","F_FileJson","F_SortCode","F_Description","F_SendDate","F_SendUser","F_EnabledMark","F_TagId"
"0ff6a4aa90744a7e93b84d50f5943a5f","0",,"1",,,,,,"21221",,,,,,,,,"20200710155356187",,"10/7/2020 15:53:56","admin","0","2"
"1a1364e7d4b94b9d88eb42b955dd8bb4","1",,"1","22",,"22",,"<p>22</p>","222",,,,,,,,,"20200907115258775",,"7/9/2020 03:52:59","admin","0",
"26d556d2eca94c84ae4bd0f5dbf6e3b0","1",,"3",,,,,,,,,,,,,,"20200710_b5f179acc7ab46e8bd7dc6f0bf17d49f.mp3","20200710155424531",,"10/7/2020 15:54:25","admin","0",
"4f9ab022b60a429fb4e3c00cb60bad78","1",,"1",,,,,,"23123213",,,,,,,,,"20200710143434064",,"10/7/2020 14:34:34","admin","0",
"59e105f4ba2b4d70ba89d601a02724ec","1","o6FJX1u7UP1hUg96ECLfKvZDVeDc","5","21312",,"21321321",,"<p>213213123</p>",,"213",,,,,,,"20200710_5df08866cbab45c1844fd83ea4e890c6.jpeg","20200710160313397",,"10/7/2020 16:03:13","admin","0",
"5a56b436dbf347cf9f927bd801808ccb","1","o6FJX1u7UP1hUg96ECLfKvZDVeDc","3",,,,,,,,,,,,,,"20200710_a1cfaccdb3af40dbb9c93a3ad0082e4d.mp3","20200710155726671",,"10/7/2020 15:57:27","admin","0",
"68f2db38f40e414c8968f5d9d93c624e","0",,"1",,,,,,"121212",,,,,,,,,"20200710115543293",,"10/7/2020 11:55:43","admin","0","101,102,2"
"98b0a012fde8462d80916c464e1df882","1",,"1","22",,"22",,"<p>22</p>","222",,,,,,,,,"20200907115258969",,"7/9/2020 03:52:59","admin","0",
"9f7e0115f2cc44ecb4fd816a705f65f4","1",,"2",,,,,,,,,,,,,,"20200710_161a065fbedb48b99af03c3fbfd94a98.jpeg","20200710154840101",,"10/7/2020 15:48:40","admin","0",
"b5422e33874c42769f31d90a416e70a9","1",,"3",,,,,,,,,,,,,,"20200907_9aaefa4a9d924a4481aa249025cd0f0e.amr","20200907140857849",,"7/9/2020 06:08:58","admin","0",
"b5eca4ae905943d6b071a2d60e608924","1","o6FJX1pWPFXoWOmlM17LdWjJHTX4","1",,,,,,"水电费",,,,,,,,,"20200715173304494",,"15/7/2020 17:33:04","a133c2e4-212d-414e-b9d1-5ca443b1e95d","0",
"ba2353cc249947dc9817123e2a5d0c70","0",,"3",,,,,,,,,,,,,,"20200710_b720016b38ad41d3b12bba6463b3060d.mp3","20200710155249536",,"10/7/2020 15:52:50","admin","0","2"
"cf181e9862cd4294b8f931e597e4d0f9","1",,"1",,,,,,"1212",,,,,,,,,"20200710143404734",,"10/7/2020 14:34:05",,"0",
"ded6668f5dff4f6aa762b3fef6732962","1","o6FJX1u7UP1hUg96ECLfKvZDVeDc","1",,,,,,"213123123",,,,,,,,,"20200710145430830",,"10/7/2020 14:54:31","admin","0",
"df943935a840449a8472ff629e19c021","1",,"2","22",,"22",,"<p>22</p>",,,,,,,,,"20200907_7b0cdb915f2847b1bf2803002a023b04.png","20200907115403918",,"7/9/2020 03:54:04","admin","0",
"f8cb5ac7d6374440a9c6eb3936dfd184","1","o6FJX1u7UP1hUg96ECLfKvZDVeDc","4","21312321",,,,,"qweqwewq",,,,,,,,"20200710_c267babbbc814c97a077b80294dedcc4.mp4","20200710160523680",,"10/7/2020 16:05:24","admin","0",
